--------------------------------------------------------
--  파일이 생성됨 - 화요일-10월-20-2020   
--------------------------------------------------------
--------------------------------------------------------
--  DDL for Table ADMININFO
--------------------------------------------------------

  CREATE TABLE "ADMININFO" 
   (	"ADMIN_ID" NUMBER(8,0), 
	"ADMIN_PWD" VARCHAR2(50 BYTE), 
	"ADMIN_NAME" VARCHAR2(50 BYTE), 
	"ADMIN_JUMIN" VARCHAR2(20 BYTE)
   ) SEGMENT CREATION IMMEDIATE 
  PCTFREE 10 PCTUSED 40 INITRANS 1 MAXTRANS 255 NOCOMPRESS LOGGING
  STORAGE(INITIAL 65536 NEXT 1048576 MINEXTENTS 1 MAXEXTENTS 2147483645
  PCTINCREASE 0 FREELISTS 1 FREELIST GROUPS 1 BUFFER_POOL DEFAULT FLASH_CACHE DEFAULT CELL_FLASH_CACHE DEFAULT)
  TABLESPACE "USERS" ;
--------------------------------------------------------
--  DDL for Table ATTEND
--------------------------------------------------------

  CREATE TABLE "ATTEND" 
   (	"ATD_SUBJ_CODE" NUMBER(6,0), 
	"ATD_STU_ID" NUMBER(8,0), 
	"ATD_PRO_ID" NUMBER(8,0), 
	"ATD_YEAR" NUMBER(4,0), 
	"ATD_GRADE" NUMBER(1,0), 
	"ATD_SEMESTER" NUMBER(1,0), 
	"ATD_DATE" DATE, 
	"ATD_STATE" VARCHAR2(50 BYTE), 
	"ATD_REMARK" VARCHAR2(100 BYTE)
   ) SEGMENT CREATION IMMEDIATE 
  PCTFREE 10 PCTUSED 40 INITRANS 1 MAXTRANS 255 NOCOMPRESS LOGGING
  STORAGE(INITIAL 65536 NEXT 1048576 MINEXTENTS 1 MAXEXTENTS 2147483645
  PCTINCREASE 0 FREELISTS 1 FREELIST GROUPS 1 BUFFER_POOL DEFAULT FLASH_CACHE DEFAULT CELL_FLASH_CACHE DEFAULT)
  TABLESPACE "USERS" ;
--------------------------------------------------------
--  DDL for Table COMMENTS
--------------------------------------------------------

  CREATE TABLE "COMMENTS" 
   (	"CMT_INDEX" NUMBER(6,0), 
	"CMT_COMM_INDEX" NUMBER(6,0), 
	"CMT_NUM" NUMBER(6,0), 
	"CMT_WRITER" VARCHAR2(100 BYTE), 
	"CMT_CONTENT" VARCHAR2(3000 BYTE), 
	"CMT_DATE" DATE DEFAULT sysdate, 
	"CMT_STU_ID" NUMBER(8,0), 
	"CMT_STEP" NUMBER(6,0), 
	"CMT_LEVEL" NUMBER(6,0), 
	"CMT_REF" NUMBER(6,0)
   ) SEGMENT CREATION IMMEDIATE 
  PCTFREE 10 PCTUSED 40 INITRANS 1 MAXTRANS 255 NOCOMPRESS LOGGING
  STORAGE(INITIAL 65536 NEXT 1048576 MINEXTENTS 1 MAXEXTENTS 2147483645
  PCTINCREASE 0 FREELISTS 1 FREELIST GROUPS 1 BUFFER_POOL DEFAULT FLASH_CACHE DEFAULT CELL_FLASH_CACHE DEFAULT)
  TABLESPACE "USERS" ;
--------------------------------------------------------
--  DDL for Table COMMUNITY
--------------------------------------------------------

  CREATE TABLE "COMMUNITY" 
   (	"COMM_INDEX" NUMBER(6,0), 
	"COMM_NUM" NUMBER(6,0), 
	"COMM_GROUPN" NUMBER(1,0), 
	"COMM_DATE" DATE DEFAULT SYSDATE, 
	"COMM_TITLE" VARCHAR2(300 BYTE), 
	"COMM_CONTENT" CLOB, 
	"COMM_HITS" NUMBER(6,0) DEFAULT 0, 
	"COMM_WRITER" VARCHAR2(50 BYTE), 
	"COMM_STU_ID" NUMBER(8,0), 
	"COMM_STEP" NUMBER(6,0) DEFAULT 0, 
	"COMM_LEVEL" NUMBER(6,0) DEFAULT 0, 
	"COMM_REF" NUMBER(6,0) DEFAULT 0, 
	"COMM_ORIGINFILENAME" VARCHAR2(100 BYTE), 
	"COMM_SYSTEMFILENAME" VARCHAR2(200 BYTE)
   ) SEGMENT CREATION IMMEDIATE 
  PCTFREE 10 PCTUSED 40 INITRANS 1 MAXTRANS 255 NOCOMPRESS LOGGING
  STORAGE(INITIAL 65536 NEXT 1048576 MINEXTENTS 1 MAXEXTENTS 2147483645
  PCTINCREASE 0 FREELISTS 1 FREELIST GROUPS 1 BUFFER_POOL DEFAULT FLASH_CACHE DEFAULT CELL_FLASH_CACHE DEFAULT)
  TABLESPACE "USERS" 
 LOB ("COMM_CONTENT") STORE AS BASICFILE (
  TABLESPACE "USERS" ENABLE STORAGE IN ROW CHUNK 8192 RETENTION 
  NOCACHE LOGGING 
  STORAGE(INITIAL 65536 NEXT 1048576 MINEXTENTS 1 MAXEXTENTS 2147483645
  PCTINCREASE 0 FREELISTS 1 FREELIST GROUPS 1 BUFFER_POOL DEFAULT FLASH_CACHE DEFAULT CELL_FLASH_CACHE DEFAULT)) ;
--------------------------------------------------------
--  DDL for Table DEPARTMENT
--------------------------------------------------------

  CREATE TABLE "DEPARTMENT" 
   (	"DEPT_CODE" NUMBER(6,0), 
	"DEPT_NAME" VARCHAR2(50 BYTE), 
	"DEPT_MAJORCODE" NUMBER(6,0), 
	"DEPT_MAJORNAME" VARCHAR2(50 BYTE)
   ) SEGMENT CREATION IMMEDIATE 
  PCTFREE 10 PCTUSED 40 INITRANS 1 MAXTRANS 255 NOCOMPRESS LOGGING
  STORAGE(INITIAL 65536 NEXT 1048576 MINEXTENTS 1 MAXEXTENTS 2147483645
  PCTINCREASE 0 FREELISTS 1 FREELIST GROUPS 1 BUFFER_POOL DEFAULT FLASH_CACHE DEFAULT CELL_FLASH_CACHE DEFAULT)
  TABLESPACE "USERS" ;
--------------------------------------------------------
--  DDL for Table PROFESSOR
--------------------------------------------------------

  CREATE TABLE "PROFESSOR" 
   (	"PRO_ID" NUMBER(8,0), 
	"PRO_PWD" VARCHAR2(50 BYTE), 
	"PRO_NAME" VARCHAR2(50 BYTE), 
	"PRO_ENG_NAME" VARCHAR2(50 BYTE), 
	"PRO_JUMIN" VARCHAR2(50 BYTE), 
	"PRO_MAJOR" NUMBER(6,0), 
	"PRO_TEL" VARCHAR2(50 BYTE), 
	"PRO_ADDR" VARCHAR2(100 BYTE), 
	"PRO_EMAIL" VARCHAR2(50 BYTE), 
	"PRO_IMG" BLOB
   ) SEGMENT CREATION IMMEDIATE 
  PCTFREE 10 PCTUSED 40 INITRANS 1 MAXTRANS 255 NOCOMPRESS LOGGING
  STORAGE(INITIAL 65536 NEXT 1048576 MINEXTENTS 1 MAXEXTENTS 2147483645
  PCTINCREASE 0 FREELISTS 1 FREELIST GROUPS 1 BUFFER_POOL DEFAULT FLASH_CACHE DEFAULT CELL_FLASH_CACHE DEFAULT)
  TABLESPACE "USERS" 
 LOB ("PRO_IMG") STORE AS BASICFILE (
  TABLESPACE "USERS" ENABLE STORAGE IN ROW CHUNK 8192 RETENTION 
  NOCACHE LOGGING 
  STORAGE(INITIAL 65536 NEXT 1048576 MINEXTENTS 1 MAXEXTENTS 2147483645
  PCTINCREASE 0 FREELISTS 1 FREELIST GROUPS 1 BUFFER_POOL DEFAULT FLASH_CACHE DEFAULT CELL_FLASH_CACHE DEFAULT)) ;
--------------------------------------------------------
--  DDL for Table SCHEDULE
--------------------------------------------------------

  CREATE TABLE "SCHEDULE" 
   (	"SCHE_NUM" NUMBER(6,0), 
	"SCHE_CONTENT" VARCHAR2(100 BYTE), 
	"SCHE_STARTYEAR" NUMBER(4,0), 
	"SCHE_STARTMONTH" NUMBER(2,0), 
	"SCHE_STARTDAY" NUMBER(2,0), 
	"SCHE_ENDYEAR" NUMBER(4,0), 
	"SCHE_ENDMONTH" NUMBER(2,0), 
	"SCHE_ENDDAY" NUMBER(2,0), 
	"SCHE_HOLIDAY" NUMBER(1,0)
   ) SEGMENT CREATION IMMEDIATE 
  PCTFREE 10 PCTUSED 40 INITRANS 1 MAXTRANS 255 NOCOMPRESS LOGGING
  STORAGE(INITIAL 65536 NEXT 1048576 MINEXTENTS 1 MAXEXTENTS 2147483645
  PCTINCREASE 0 FREELISTS 1 FREELIST GROUPS 1 BUFFER_POOL DEFAULT FLASH_CACHE DEFAULT CELL_FLASH_CACHE DEFAULT)
  TABLESPACE "USERS" ;
--------------------------------------------------------
--  DDL for Table SCORECLASS
--------------------------------------------------------

  CREATE TABLE "SCORECLASS" 
   (	"SC_SUBJ_CODE" NUMBER(6,0), 
	"SC_STU_ID" NUMBER(8,0), 
	"SC_PRO_ID" NUMBER(8,0), 
	"SC_YEAR" NUMBER(4,0), 
	"SC_GRADE" NUMBER(1,0), 
	"SC_SEMESTER" NUMBER(1,0), 
	"SC_SCORE" NUMBER(2,1), 
	"SC_RETAKE" VARCHAR2(50 BYTE), 
	"SC_SCORE2" VARCHAR2(50 BYTE) DEFAULT 'A+'
   ) SEGMENT CREATION IMMEDIATE 
  PCTFREE 10 PCTUSED 40 INITRANS 1 MAXTRANS 255 NOCOMPRESS LOGGING
  STORAGE(INITIAL 65536 NEXT 1048576 MINEXTENTS 1 MAXEXTENTS 2147483645
  PCTINCREASE 0 FREELISTS 1 FREELIST GROUPS 1 BUFFER_POOL DEFAULT FLASH_CACHE DEFAULT CELL_FLASH_CACHE DEFAULT)
  TABLESPACE "USERS" ;
--------------------------------------------------------
--  DDL for Table STUDENT
--------------------------------------------------------

  CREATE TABLE "STUDENT" 
   (	"STU_ID" NUMBER(8,0), 
	"STU_PWD" VARCHAR2(50 BYTE), 
	"STU_NAME" VARCHAR2(50 BYTE), 
	"STU_ENG_NAME" VARCHAR2(50 BYTE), 
	"STU_JUMIN" VARCHAR2(50 BYTE), 
	"STU_STATE" NUMBER(1,0), 
	"STU_MAJOR" NUMBER(6,0), 
	"STU_GRADE" NUMBER(1,0), 
	"STU_PRO" NUMBER(8,0), 
	"STU_TEL" VARCHAR2(50 BYTE), 
	"STU_EMG_TEL" VARCHAR2(50 BYTE), 
	"STU_ADDR" VARCHAR2(100 BYTE), 
	"STU_EMAIL" VARCHAR2(50 BYTE), 
	"STU_IMG" BLOB
   ) SEGMENT CREATION IMMEDIATE 
  PCTFREE 10 PCTUSED 40 INITRANS 1 MAXTRANS 255 NOCOMPRESS LOGGING
  STORAGE(INITIAL 65536 NEXT 1048576 MINEXTENTS 1 MAXEXTENTS 2147483645
  PCTINCREASE 0 FREELISTS 1 FREELIST GROUPS 1 BUFFER_POOL DEFAULT FLASH_CACHE DEFAULT CELL_FLASH_CACHE DEFAULT)
  TABLESPACE "USERS" 
 LOB ("STU_IMG") STORE AS BASICFILE (
  TABLESPACE "USERS" ENABLE STORAGE IN ROW CHUNK 8192 RETENTION 
  NOCACHE LOGGING 
  STORAGE(INITIAL 65536 NEXT 1048576 MINEXTENTS 1 MAXEXTENTS 2147483645
  PCTINCREASE 0 FREELISTS 1 FREELIST GROUPS 1 BUFFER_POOL DEFAULT FLASH_CACHE DEFAULT CELL_FLASH_CACHE DEFAULT)) ;
--------------------------------------------------------
--  DDL for Table SUBJECT
--------------------------------------------------------

  CREATE TABLE "SUBJECT" 
   (	"SUBJ_CODE" NUMBER(6,0), 
	"SUBJ_STATE" VARCHAR2(50 BYTE), 
	"SUBJ_MAJORCODE" NUMBER(6,0), 
	"SUBJ_NAME" VARCHAR2(50 BYTE), 
	"SUBJ_HAKJUM" NUMBER(1,0), 
	"SUBJ_PRO" NUMBER(8,0), 
	"SUBJ_ROOM" VARCHAR2(50 BYTE), 
	"SUBJ_DAY1" VARCHAR2(10 BYTE), 
	"SUBJ_DAY2" VARCHAR2(10 BYTE)
   ) SEGMENT CREATION IMMEDIATE 
  PCTFREE 10 PCTUSED 40 INITRANS 1 MAXTRANS 255 NOCOMPRESS LOGGING
  STORAGE(INITIAL 65536 NEXT 1048576 MINEXTENTS 1 MAXEXTENTS 2147483645
  PCTINCREASE 0 FREELISTS 1 FREELIST GROUPS 1 BUFFER_POOL DEFAULT FLASH_CACHE DEFAULT CELL_FLASH_CACHE DEFAULT)
  TABLESPACE "USERS" ;
--------------------------------------------------------
--  DDL for Table TEMP
--------------------------------------------------------

  CREATE TABLE "TEMP" 
   (	"NO" NUMBER(2,0), 
	"TITLE" VARCHAR2(500 BYTE), 
	"CONTENT" CLOB
   ) SEGMENT CREATION IMMEDIATE 
  PCTFREE 10 PCTUSED 40 INITRANS 1 MAXTRANS 255 NOCOMPRESS LOGGING
  STORAGE(INITIAL 65536 NEXT 1048576 MINEXTENTS 1 MAXEXTENTS 2147483645
  PCTINCREASE 0 FREELISTS 1 FREELIST GROUPS 1 BUFFER_POOL DEFAULT FLASH_CACHE DEFAULT CELL_FLASH_CACHE DEFAULT)
  TABLESPACE "USERS" 
 LOB ("CONTENT") STORE AS BASICFILE (
  TABLESPACE "USERS" ENABLE STORAGE IN ROW CHUNK 8192 RETENTION 
  NOCACHE LOGGING 
  STORAGE(INITIAL 65536 NEXT 1048576 MINEXTENTS 1 MAXEXTENTS 2147483645
  PCTINCREASE 0 FREELISTS 1 FREELIST GROUPS 1 BUFFER_POOL DEFAULT FLASH_CACHE DEFAULT CELL_FLASH_CACHE DEFAULT)) ;
--------------------------------------------------------
--  DDL for View ATD2
--------------------------------------------------------

  CREATE OR REPLACE FORCE VIEW "ATD2" ("SC_SUBJ_CODE", "SC_STU_ID", "SC_GRADE", "SC_SEMESTER", "SUBJ_STATE", "SUBJ_NAME", "SUBJ_HAKJUM", "PRO_NAME") AS 
  SELECT SC_SUBJ_CODE,SC.SC_STU_ID, SC.SC_GRADE, SC.SC_SEMESTER, S.SUBJ_STATE, S.SUBJ_NAME, S.SUBJ_HAKJUM, P.PRO_NAME 
FROM SUBJECT S, PROFESSOR P, SCORECLASS SC
WHERE S.SUBJ_CODE = SC.SC_SUBJ_CODE
AND S.SUBJ_PRO = P.PRO_ID
AND P.PRO_ID = SC.SC_PRO_ID
;
--------------------------------------------------------
--  DDL for View SCORE
--------------------------------------------------------

  CREATE OR REPLACE FORCE VIEW "SCORE" ("STU_ID", "SUBJ_CODE", "SUBJ_NAME", "SUBJ_HAKJUM", "YEAR", "SEMESTER", "SCORE", "RETAKE", "PERCENTAGE") AS 
  SELECT
    C.SC_STU_ID STU_ID,
    S.SUBJ_CODE,
    S.SUBJ_NAME,
    S.SUBJ_HAKJUM,
    C.SC_YEAR YEAR,
    C.SC_SEMESTER SEMESTER,
    C.SC_SCORE SCORE,
    C.SC_RETAKE RETAKE,
    DECODE(C.SC_SCORE, 4.5, 97.5, 4, 92, 3.5, 87, 3, 82, 2.5, 77, 2, 72, 29.5) PERCENTAGE
FROM SUBJECT S, SCORECLASS C WHERE S.SUBJ_CODE = C.SC_SUBJ_CODE
;
--------------------------------------------------------
--  DDL for View TOTALSCORE
--------------------------------------------------------

  CREATE OR REPLACE FORCE VIEW "TOTALSCORE" ("STU_ID", "YEAR", "SEMESTER", "ACQUIRED", "TOTAL", "AVG", "PERCENTAGE") AS 
  SELECT
    STU_ID, 
    YEAR, 
    SEMESTER, 
    SUM(DECODE(SCORE, NULL, 0, SUBJ_HAKJUM)) ACQUIRED, 
    SUM(SUBJ_HAKJUM) TOTAL, ROUND(SUM(SCORE)/COUNT(*),2) AVG,
    ROUND(SUM(PERCENTAGE)/COUNT(*), 2) PERCENTAGE
FROM SCORE 
GROUP BY STU_ID, YEAR, SEMESTER 
ORDER BY YEAR, SEMESTER
;
REM INSERTING into ADMININFO
SET DEFINE OFF;
Insert into ADMININFO (ADMIN_ID,ADMIN_PWD,ADMIN_NAME,ADMIN_JUMIN) values (11111111,'test','BIT','111111-2222222');
REM INSERTING into ATTEND
SET DEFINE OFF;
Insert into ATTEND (ATD_SUBJ_CODE,ATD_STU_ID,ATD_PRO_ID,ATD_YEAR,ATD_GRADE,ATD_SEMESTER,ATD_DATE,ATD_STATE,ATD_REMARK) values (141002,20201350,80000001,2015,1,1,to_date('15/06/03','RR/MM/DD'),'지각',null);
Insert into ATTEND (ATD_SUBJ_CODE,ATD_STU_ID,ATD_PRO_ID,ATD_YEAR,ATD_GRADE,ATD_SEMESTER,ATD_DATE,ATD_STATE,ATD_REMARK) values (141005,20201350,80000001,2015,1,1,to_date('15/06/07','RR/MM/DD'),'출석',null);
Insert into ATTEND (ATD_SUBJ_CODE,ATD_STU_ID,ATD_PRO_ID,ATD_YEAR,ATD_GRADE,ATD_SEMESTER,ATD_DATE,ATD_STATE,ATD_REMARK) values (141005,20201350,80000001,2015,1,1,to_date('15/06/12','RR/MM/DD'),'출석',null);
Insert into ATTEND (ATD_SUBJ_CODE,ATD_STU_ID,ATD_PRO_ID,ATD_YEAR,ATD_GRADE,ATD_SEMESTER,ATD_DATE,ATD_STATE,ATD_REMARK) values (141005,20201350,80000001,2015,1,1,to_date('15/06/17','RR/MM/DD'),'출석',null);
Insert into ATTEND (ATD_SUBJ_CODE,ATD_STU_ID,ATD_PRO_ID,ATD_YEAR,ATD_GRADE,ATD_SEMESTER,ATD_DATE,ATD_STATE,ATD_REMARK) values (141005,20201350,80000001,2015,1,1,to_date('15/06/22','RR/MM/DD'),'출석',null);
Insert into ATTEND (ATD_SUBJ_CODE,ATD_STU_ID,ATD_PRO_ID,ATD_YEAR,ATD_GRADE,ATD_SEMESTER,ATD_DATE,ATD_STATE,ATD_REMARK) values (141005,20201350,80000001,2015,1,1,to_date('15/06/27','RR/MM/DD'),'출석',null);
Insert into ATTEND (ATD_SUBJ_CODE,ATD_STU_ID,ATD_PRO_ID,ATD_YEAR,ATD_GRADE,ATD_SEMESTER,ATD_DATE,ATD_STATE,ATD_REMARK) values (141005,20201350,80000001,2015,1,1,to_date('15/07/01','RR/MM/DD'),'출석',null);
Insert into ATTEND (ATD_SUBJ_CODE,ATD_STU_ID,ATD_PRO_ID,ATD_YEAR,ATD_GRADE,ATD_SEMESTER,ATD_DATE,ATD_STATE,ATD_REMARK) values (141006,20201350,80000001,2015,1,1,to_date('15/06/05','RR/MM/DD'),'출석',null);
Insert into ATTEND (ATD_SUBJ_CODE,ATD_STU_ID,ATD_PRO_ID,ATD_YEAR,ATD_GRADE,ATD_SEMESTER,ATD_DATE,ATD_STATE,ATD_REMARK) values (141006,20201350,80000001,2015,1,1,to_date('15/06/07','RR/MM/DD'),'출석',null);
Insert into ATTEND (ATD_SUBJ_CODE,ATD_STU_ID,ATD_PRO_ID,ATD_YEAR,ATD_GRADE,ATD_SEMESTER,ATD_DATE,ATD_STATE,ATD_REMARK) values (141006,20201350,80000001,2015,1,1,to_date('15/06/10','RR/MM/DD'),'출석',null);
Insert into ATTEND (ATD_SUBJ_CODE,ATD_STU_ID,ATD_PRO_ID,ATD_YEAR,ATD_GRADE,ATD_SEMESTER,ATD_DATE,ATD_STATE,ATD_REMARK) values (141006,20201350,80000001,2015,1,1,to_date('15/06/12','RR/MM/DD'),'출석',null);
Insert into ATTEND (ATD_SUBJ_CODE,ATD_STU_ID,ATD_PRO_ID,ATD_YEAR,ATD_GRADE,ATD_SEMESTER,ATD_DATE,ATD_STATE,ATD_REMARK) values (141006,20201350,80000001,2015,1,1,to_date('15/06/15','RR/MM/DD'),'지각',null);
Insert into ATTEND (ATD_SUBJ_CODE,ATD_STU_ID,ATD_PRO_ID,ATD_YEAR,ATD_GRADE,ATD_SEMESTER,ATD_DATE,ATD_STATE,ATD_REMARK) values (141006,20201350,80000001,2015,1,1,to_date('15/06/17','RR/MM/DD'),'출석',null);
Insert into ATTEND (ATD_SUBJ_CODE,ATD_STU_ID,ATD_PRO_ID,ATD_YEAR,ATD_GRADE,ATD_SEMESTER,ATD_DATE,ATD_STATE,ATD_REMARK) values (141006,20201350,80000001,2015,1,1,to_date('15/06/20','RR/MM/DD'),'출석',null);
Insert into ATTEND (ATD_SUBJ_CODE,ATD_STU_ID,ATD_PRO_ID,ATD_YEAR,ATD_GRADE,ATD_SEMESTER,ATD_DATE,ATD_STATE,ATD_REMARK) values (141006,20201350,80000001,2015,1,1,to_date('15/06/22','RR/MM/DD'),'출석',null);
Insert into ATTEND (ATD_SUBJ_CODE,ATD_STU_ID,ATD_PRO_ID,ATD_YEAR,ATD_GRADE,ATD_SEMESTER,ATD_DATE,ATD_STATE,ATD_REMARK) values (141006,20201350,80000001,2015,1,1,to_date('15/06/25','RR/MM/DD'),'출석',null);
Insert into ATTEND (ATD_SUBJ_CODE,ATD_STU_ID,ATD_PRO_ID,ATD_YEAR,ATD_GRADE,ATD_SEMESTER,ATD_DATE,ATD_STATE,ATD_REMARK) values (141006,20201350,80000001,2015,1,1,to_date('15/06/27','RR/MM/DD'),'출석',null);
Insert into ATTEND (ATD_SUBJ_CODE,ATD_STU_ID,ATD_PRO_ID,ATD_YEAR,ATD_GRADE,ATD_SEMESTER,ATD_DATE,ATD_STATE,ATD_REMARK) values (141006,20201350,80000001,2015,1,1,to_date('15/06/30','RR/MM/DD'),'지각',null);
Insert into ATTEND (ATD_SUBJ_CODE,ATD_STU_ID,ATD_PRO_ID,ATD_YEAR,ATD_GRADE,ATD_SEMESTER,ATD_DATE,ATD_STATE,ATD_REMARK) values (141007,20201350,80000001,2015,1,1,to_date('15/06/08','RR/MM/DD'),'출석',null);
Insert into ATTEND (ATD_SUBJ_CODE,ATD_STU_ID,ATD_PRO_ID,ATD_YEAR,ATD_GRADE,ATD_SEMESTER,ATD_DATE,ATD_STATE,ATD_REMARK) values (141007,20201350,80000001,2015,1,1,to_date('15/06/15','RR/MM/DD'),'출석',null);
Insert into ATTEND (ATD_SUBJ_CODE,ATD_STU_ID,ATD_PRO_ID,ATD_YEAR,ATD_GRADE,ATD_SEMESTER,ATD_DATE,ATD_STATE,ATD_REMARK) values (141007,20201350,80000001,2015,1,1,to_date('15/06/22','RR/MM/DD'),'출석',null);
Insert into ATTEND (ATD_SUBJ_CODE,ATD_STU_ID,ATD_PRO_ID,ATD_YEAR,ATD_GRADE,ATD_SEMESTER,ATD_DATE,ATD_STATE,ATD_REMARK) values (141007,20201350,80000001,2015,1,1,to_date('15/06/29','RR/MM/DD'),'출석',null);
Insert into ATTEND (ATD_SUBJ_CODE,ATD_STU_ID,ATD_PRO_ID,ATD_YEAR,ATD_GRADE,ATD_SEMESTER,ATD_DATE,ATD_STATE,ATD_REMARK) values (141007,20201350,80000001,2015,1,1,to_date('15/07/05','RR/MM/DD'),'지각',null);
Insert into ATTEND (ATD_SUBJ_CODE,ATD_STU_ID,ATD_PRO_ID,ATD_YEAR,ATD_GRADE,ATD_SEMESTER,ATD_DATE,ATD_STATE,ATD_REMARK) values (141007,20201350,80000001,2015,1,1,to_date('15/07/12','RR/MM/DD'),'결석',null);
Insert into ATTEND (ATD_SUBJ_CODE,ATD_STU_ID,ATD_PRO_ID,ATD_YEAR,ATD_GRADE,ATD_SEMESTER,ATD_DATE,ATD_STATE,ATD_REMARK) values (141007,20201350,80000001,2015,1,1,to_date('15/07/19','RR/MM/DD'),'출석',null);
Insert into ATTEND (ATD_SUBJ_CODE,ATD_STU_ID,ATD_PRO_ID,ATD_YEAR,ATD_GRADE,ATD_SEMESTER,ATD_DATE,ATD_STATE,ATD_REMARK) values (141007,20201350,80000001,2015,1,1,to_date('15/07/26','RR/MM/DD'),'출석',null);
REM INSERTING into COMMENTS
SET DEFINE OFF;
Insert into COMMENTS (CMT_INDEX,CMT_COMM_INDEX,CMT_NUM,CMT_WRITER,CMT_CONTENT,CMT_DATE,CMT_STU_ID,CMT_STEP,CMT_LEVEL,CMT_REF) values (64,61,6,'임예람','답댓글 확인',to_date('20/10/20','RR/MM/DD'),20201351,1,1,63);
Insert into COMMENTS (CMT_INDEX,CMT_COMM_INDEX,CMT_NUM,CMT_WRITER,CMT_CONTENT,CMT_DATE,CMT_STU_ID,CMT_STEP,CMT_LEVEL,CMT_REF) values (65,61,7,'권현정','답답답댓글도 가능!',to_date('20/10/20','RR/MM/DD'),20201350,4,3,54);
Insert into COMMENTS (CMT_INDEX,CMT_COMM_INDEX,CMT_NUM,CMT_WRITER,CMT_CONTENT,CMT_DATE,CMT_STU_ID,CMT_STEP,CMT_LEVEL,CMT_REF) values (5,56,5,'임예람','답글 순서가 뒤죽박죽~~~~',to_date('20/10/19','RR/MM/DD'),20201351,0,0,5);
Insert into COMMENTS (CMT_INDEX,CMT_COMM_INDEX,CMT_NUM,CMT_WRITER,CMT_CONTENT,CMT_DATE,CMT_STU_ID,CMT_STEP,CMT_LEVEL,CMT_REF) values (63,61,5,'임예람','댓글 확인',to_date('20/10/20','RR/MM/DD'),20201351,0,0,63);
Insert into COMMENTS (CMT_INDEX,CMT_COMM_INDEX,CMT_NUM,CMT_WRITER,CMT_CONTENT,CMT_DATE,CMT_STU_ID,CMT_STEP,CMT_LEVEL,CMT_REF) values (57,30,3,'임예람','1111333',to_date('20/10/20','RR/MM/DD'),20201351,4,2,55);
Insert into COMMENTS (CMT_INDEX,CMT_COMM_INDEX,CMT_NUM,CMT_WRITER,CMT_CONTENT,CMT_DATE,CMT_STU_ID,CMT_STEP,CMT_LEVEL,CMT_REF) values (58,30,4,'임예람','1111444',to_date('20/10/20','RR/MM/DD'),20201351,2,1,55);
Insert into COMMENTS (CMT_INDEX,CMT_COMM_INDEX,CMT_NUM,CMT_WRITER,CMT_CONTENT,CMT_DATE,CMT_STU_ID,CMT_STEP,CMT_LEVEL,CMT_REF) values (55,30,1,'임예람','1111',to_date('20/10/20','RR/MM/DD'),20201351,0,0,55);
Insert into COMMENTS (CMT_INDEX,CMT_COMM_INDEX,CMT_NUM,CMT_WRITER,CMT_CONTENT,CMT_DATE,CMT_STU_ID,CMT_STEP,CMT_LEVEL,CMT_REF) values (56,30,2,'임예람','111222',to_date('20/10/20','RR/MM/DD'),20201351,3,1,55);
Insert into COMMENTS (CMT_INDEX,CMT_COMM_INDEX,CMT_NUM,CMT_WRITER,CMT_CONTENT,CMT_DATE,CMT_STU_ID,CMT_STEP,CMT_LEVEL,CMT_REF) values (59,30,5,'임예람','11115555',to_date('20/10/20','RR/MM/DD'),20201351,1,1,55);
Insert into COMMENTS (CMT_INDEX,CMT_COMM_INDEX,CMT_NUM,CMT_WRITER,CMT_CONTENT,CMT_DATE,CMT_STU_ID,CMT_STEP,CMT_LEVEL,CMT_REF) values (61,61,3,'임예람','답댓글도 됩니다!',to_date('20/10/20','RR/MM/DD'),20201351,2,1,54);
Insert into COMMENTS (CMT_INDEX,CMT_COMM_INDEX,CMT_NUM,CMT_WRITER,CMT_CONTENT,CMT_DATE,CMT_STU_ID,CMT_STEP,CMT_LEVEL,CMT_REF) values (62,61,4,'임예람','답답댓글도 됩니다요',to_date('20/10/20','RR/MM/DD'),20201351,3,2,54);
Insert into COMMENTS (CMT_INDEX,CMT_COMM_INDEX,CMT_NUM,CMT_WRITER,CMT_CONTENT,CMT_DATE,CMT_STU_ID,CMT_STEP,CMT_LEVEL,CMT_REF) values (67,56,22,'권현정','ttttt',to_date('20/10/20','RR/MM/DD'),20201350,3,1,66);
Insert into COMMENTS (CMT_INDEX,CMT_COMM_INDEX,CMT_NUM,CMT_WRITER,CMT_CONTENT,CMT_DATE,CMT_STU_ID,CMT_STEP,CMT_LEVEL,CMT_REF) values (66,56,21,'권현정','test',to_date('20/10/20','RR/MM/DD'),20201350,0,0,66);
Insert into COMMENTS (CMT_INDEX,CMT_COMM_INDEX,CMT_NUM,CMT_WRITER,CMT_CONTENT,CMT_DATE,CMT_STU_ID,CMT_STEP,CMT_LEVEL,CMT_REF) values (69,56,24,'권현정','tttt2',to_date('20/10/20','RR/MM/DD'),20201350,1,1,66);
Insert into COMMENTS (CMT_INDEX,CMT_COMM_INDEX,CMT_NUM,CMT_WRITER,CMT_CONTENT,CMT_DATE,CMT_STU_ID,CMT_STEP,CMT_LEVEL,CMT_REF) values (68,56,23,'권현정','ttttt1',to_date('20/10/20','RR/MM/DD'),20201350,4,2,66);
Insert into COMMENTS (CMT_INDEX,CMT_COMM_INDEX,CMT_NUM,CMT_WRITER,CMT_CONTENT,CMT_DATE,CMT_STU_ID,CMT_STEP,CMT_LEVEL,CMT_REF) values (70,56,25,'권현정','ttt3',to_date('20/10/20','RR/MM/DD'),20201350,2,2,66);
Insert into COMMENTS (CMT_INDEX,CMT_COMM_INDEX,CMT_NUM,CMT_WRITER,CMT_CONTENT,CMT_DATE,CMT_STU_ID,CMT_STEP,CMT_LEVEL,CMT_REF) values (71,64,1,'권현정','??',to_date('20/10/20','RR/MM/DD'),20201350,0,0,71);
Insert into COMMENTS (CMT_INDEX,CMT_COMM_INDEX,CMT_NUM,CMT_WRITER,CMT_CONTENT,CMT_DATE,CMT_STU_ID,CMT_STEP,CMT_LEVEL,CMT_REF) values (72,64,2,'권현정','한글',to_date('20/10/20','RR/MM/DD'),20201350,1,1,71);
Insert into COMMENTS (CMT_INDEX,CMT_COMM_INDEX,CMT_NUM,CMT_WRITER,CMT_CONTENT,CMT_DATE,CMT_STU_ID,CMT_STEP,CMT_LEVEL,CMT_REF) values (73,59,1,'권현정','??',to_date('20/10/20','RR/MM/DD'),20201350,0,0,73);
Insert into COMMENTS (CMT_INDEX,CMT_COMM_INDEX,CMT_NUM,CMT_WRITER,CMT_CONTENT,CMT_DATE,CMT_STU_ID,CMT_STEP,CMT_LEVEL,CMT_REF) values (74,59,2,'권현정','한글테스트',to_date('20/10/20','RR/MM/DD'),20201350,1,1,73);
Insert into COMMENTS (CMT_INDEX,CMT_COMM_INDEX,CMT_NUM,CMT_WRITER,CMT_CONTENT,CMT_DATE,CMT_STU_ID,CMT_STEP,CMT_LEVEL,CMT_REF) values (54,61,1,'임예람','댓글이 이제 됩니다요',to_date('20/10/20','RR/MM/DD'),20201351,0,0,54);
Insert into COMMENTS (CMT_INDEX,CMT_COMM_INDEX,CMT_NUM,CMT_WRITER,CMT_CONTENT,CMT_DATE,CMT_STU_ID,CMT_STEP,CMT_LEVEL,CMT_REF) values (51,56,18,'임예람','ㅋㅋㅋㅋㅋㅋ',to_date('20/10/20','RR/MM/DD'),20201351,0,0,51);
Insert into COMMENTS (CMT_INDEX,CMT_COMM_INDEX,CMT_NUM,CMT_WRITER,CMT_CONTENT,CMT_DATE,CMT_STU_ID,CMT_STEP,CMT_LEVEL,CMT_REF) values (53,56,20,'임예람','ㅎㅎㅎㅎ',to_date('20/10/20','RR/MM/DD'),20201351,1,1,5);
REM INSERTING into COMMUNITY
SET DEFINE OFF;
Insert into COMMUNITY (COMM_INDEX,COMM_NUM,COMM_GROUPN,COMM_DATE,COMM_TITLE,COMM_HITS,COMM_WRITER,COMM_STU_ID,COMM_STEP,COMM_LEVEL,COMM_REF,COMM_ORIGINFILENAME,COMM_SYSTEMFILENAME) values (24,19,4,to_date('20/10/13','RR/MM/DD'),'2020-2학기 재입학 모집 공고',2,'BIT',11111111,0,0,24,null,null);
Insert into COMMUNITY (COMM_INDEX,COMM_NUM,COMM_GROUPN,COMM_DATE,COMM_TITLE,COMM_HITS,COMM_WRITER,COMM_STU_ID,COMM_STEP,COMM_LEVEL,COMM_REF,COMM_ORIGINFILENAME,COMM_SYSTEMFILENAME) values (25,5,1,to_date('20/10/13','RR/MM/DD'),'학교 종이 너무 작은거 같지 않아요...?',8,'임예람',20201351,0,0,25,null,null);
Insert into COMMUNITY (COMM_INDEX,COMM_NUM,COMM_GROUPN,COMM_DATE,COMM_TITLE,COMM_HITS,COMM_WRITER,COMM_STU_ID,COMM_STEP,COMM_LEVEL,COMM_REF,COMM_ORIGINFILENAME,COMM_SYSTEMFILENAME) values (26,20,4,to_date('20/10/13','RR/MM/DD'),'2020-2학기 편입생 전과(학부이동 및 전공변경) 신청 공고',2,'BIT',11111111,0,0,26,null,null);
Insert into COMMUNITY (COMM_INDEX,COMM_NUM,COMM_GROUPN,COMM_DATE,COMM_TITLE,COMM_HITS,COMM_WRITER,COMM_STU_ID,COMM_STEP,COMM_LEVEL,COMM_REF,COMM_ORIGINFILENAME,COMM_SYSTEMFILENAME) values (27,21,4,to_date('20/10/13','RR/MM/DD'),'기말평가 및 대면수업(D-MAP동기부여, 달란트와진로I) 실시 안내',0,'BIT',11111111,0,0,27,null,null);
Insert into COMMUNITY (COMM_INDEX,COMM_NUM,COMM_GROUPN,COMM_DATE,COMM_TITLE,COMM_HITS,COMM_WRITER,COMM_STU_ID,COMM_STEP,COMM_LEVEL,COMM_REF,COMM_ORIGINFILENAME,COMM_SYSTEMFILENAME) values (6,7,4,to_date('20/10/13','RR/MM/DD'),'2020-1학기 하계방학 졸업인증제 대비 특강반 수업 운영 방법에 대한 안내',0,'BIT',11111111,0,0,6,null,null);
Insert into COMMUNITY (COMM_INDEX,COMM_NUM,COMM_GROUPN,COMM_DATE,COMM_TITLE,COMM_HITS,COMM_WRITER,COMM_STU_ID,COMM_STEP,COMM_LEVEL,COMM_REF,COMM_ORIGINFILENAME,COMM_SYSTEMFILENAME) values (7,8,4,to_date('20/10/13','RR/MM/DD'),'[오전 휴교, 수업은 정상적 운영] 태풍(하이선)으로 인한 임시 휴교(9. 7(월), 오전) 안내',0,'BIT',11111111,0,0,7,null,null);
Insert into COMMUNITY (COMM_INDEX,COMM_NUM,COMM_GROUPN,COMM_DATE,COMM_TITLE,COMM_HITS,COMM_WRITER,COMM_STU_ID,COMM_STEP,COMM_LEVEL,COMM_REF,COMM_ORIGINFILENAME,COMM_SYSTEMFILENAME) values (10,9,4,to_date('20/10/13','RR/MM/DD'),'사이버강좌 수강신청에 대해 알려드립니다.',1,'BIT',11111111,0,0,10,null,null);
Insert into COMMUNITY (COMM_INDEX,COMM_NUM,COMM_GROUPN,COMM_DATE,COMM_TITLE,COMM_HITS,COMM_WRITER,COMM_STU_ID,COMM_STEP,COMM_LEVEL,COMM_REF,COMM_ORIGINFILENAME,COMM_SYSTEMFILENAME) values (12,10,4,to_date('20/10/13','RR/MM/DD'),'2020-2학기 OCU 컨소시엄 강좌 수강 안내',0,'BIT',11111111,0,0,12,'2020학년도2학기OCU컨소시엄개설교과목.pdf,','1602569395170_2020학년도2학기OCU컨소시엄개설교과목.pdf,');
Insert into COMMUNITY (COMM_INDEX,COMM_NUM,COMM_GROUPN,COMM_DATE,COMM_TITLE,COMM_HITS,COMM_WRITER,COMM_STU_ID,COMM_STEP,COMM_LEVEL,COMM_REF,COMM_ORIGINFILENAME,COMM_SYSTEMFILENAME) values (14,12,4,to_date('20/10/13','RR/MM/DD'),'2020학년도 하계 계절학기 2차 폐강과목 및 현금등록안내',0,'BIT',11111111,0,0,14,null,null);
Insert into COMMUNITY (COMM_INDEX,COMM_NUM,COMM_GROUPN,COMM_DATE,COMM_TITLE,COMM_HITS,COMM_WRITER,COMM_STU_ID,COMM_STEP,COMM_LEVEL,COMM_REF,COMM_ORIGINFILENAME,COMM_SYSTEMFILENAME) values (28,6,1,to_date('20/10/13','RR/MM/DD'),'조별과제 없는 수업 추천ㅋㅋㅋㅋ',10,'임예람',20201351,0,0,28,null,null);
Insert into COMMUNITY (COMM_INDEX,COMM_NUM,COMM_GROUPN,COMM_DATE,COMM_TITLE,COMM_HITS,COMM_WRITER,COMM_STU_ID,COMM_STEP,COMM_LEVEL,COMM_REF,COMM_ORIGINFILENAME,COMM_SYSTEMFILENAME) values (29,22,4,to_date('20/10/13','RR/MM/DD'),'기말고사 및 집중보강기간 학사일정 조정',5,'BIT',11111111,0,0,29,null,null);
Insert into COMMUNITY (COMM_INDEX,COMM_NUM,COMM_GROUPN,COMM_DATE,COMM_TITLE,COMM_HITS,COMM_WRITER,COMM_STU_ID,COMM_STEP,COMM_LEVEL,COMM_REF,COMM_ORIGINFILENAME,COMM_SYSTEMFILENAME) values (1,2,4,to_date('20/10/13','RR/MM/DD'),'(긴급) 코로나19 확산방지를 위한 2020학년도 2학기 비대면 수업 전환 안내(10월 10일까지 비대면)',0,'BIT',11111111,0,0,1,null,null);
Insert into COMMUNITY (COMM_INDEX,COMM_NUM,COMM_GROUPN,COMM_DATE,COMM_TITLE,COMM_HITS,COMM_WRITER,COMM_STU_ID,COMM_STEP,COMM_LEVEL,COMM_REF,COMM_ORIGINFILENAME,COMM_SYSTEMFILENAME) values (2,3,4,to_date('20/10/13','RR/MM/DD'),'2020-2학기 대면수업(실험실습실기 교과목) 안내',2,'BIT',11111111,0,0,2,null,null);
Insert into COMMUNITY (COMM_INDEX,COMM_NUM,COMM_GROUPN,COMM_DATE,COMM_TITLE,COMM_HITS,COMM_WRITER,COMM_STU_ID,COMM_STEP,COMM_LEVEL,COMM_REF,COMM_ORIGINFILENAME,COMM_SYSTEMFILENAME) values (3,4,4,to_date('20/10/13','RR/MM/DD'),'2020-2학기 영어특별강좌(졸업인증제, 신토익) 수업 운영 방법에 대한 안내',0,'BIT',11111111,0,0,3,null,null);
Insert into COMMUNITY (COMM_INDEX,COMM_NUM,COMM_GROUPN,COMM_DATE,COMM_TITLE,COMM_HITS,COMM_WRITER,COMM_STU_ID,COMM_STEP,COMM_LEVEL,COMM_REF,COMM_ORIGINFILENAME,COMM_SYSTEMFILENAME) values (4,5,4,to_date('20/10/13','RR/MM/DD'),'2020-2학기 학점포기 신청공지',0,'BIT',11111111,0,0,4,null,null);
Insert into COMMUNITY (COMM_INDEX,COMM_NUM,COMM_GROUPN,COMM_DATE,COMM_TITLE,COMM_HITS,COMM_WRITER,COMM_STU_ID,COMM_STEP,COMM_LEVEL,COMM_REF,COMM_ORIGINFILENAME,COMM_SYSTEMFILENAME) values (5,6,4,to_date('20/10/13','RR/MM/DD'),'2020-2학기 사이버수업 학습요령 안내',1,'BIT',11111111,0,0,5,'2020-2학기_사이버수업_학습요령.pdf,','1602568281918_2020-2학기_사이버수업_학습요령.pdf,');
Insert into COMMUNITY (COMM_INDEX,COMM_NUM,COMM_GROUPN,COMM_DATE,COMM_TITLE,COMM_HITS,COMM_WRITER,COMM_STU_ID,COMM_STEP,COMM_LEVEL,COMM_REF,COMM_ORIGINFILENAME,COMM_SYSTEMFILENAME) values (13,11,4,to_date('20/10/13','RR/MM/DD'),'2020-2학기 미등록 휴학기간 공고',0,'BIT',11111111,0,0,13,null,null);
Insert into COMMUNITY (COMM_INDEX,COMM_NUM,COMM_GROUPN,COMM_DATE,COMM_TITLE,COMM_HITS,COMM_WRITER,COMM_STU_ID,COMM_STEP,COMM_LEVEL,COMM_REF,COMM_ORIGINFILENAME,COMM_SYSTEMFILENAME) values (15,2,1,to_date('20/10/13','RR/MM/DD'),'[동아리홍보] 사진 동아리에 들어오세요!',3,'임예람',20201351,0,0,15,'pohangcom.jpg','pohangcom.jpg');
Insert into COMMUNITY (COMM_INDEX,COMM_NUM,COMM_GROUPN,COMM_DATE,COMM_TITLE,COMM_HITS,COMM_WRITER,COMM_STU_ID,COMM_STEP,COMM_LEVEL,COMM_REF,COMM_ORIGINFILENAME,COMM_SYSTEMFILENAME) values (16,13,4,to_date('20/10/13','RR/MM/DD'),'2020학년도 2학기 졸업(영어)시험 장소 공고 (시험 신청자만 응시 가능)',0,'BIT',11111111,0,0,16,null,null);
Insert into COMMUNITY (COMM_INDEX,COMM_NUM,COMM_GROUPN,COMM_DATE,COMM_TITLE,COMM_HITS,COMM_WRITER,COMM_STU_ID,COMM_STEP,COMM_LEVEL,COMM_REF,COMM_ORIGINFILENAME,COMM_SYSTEMFILENAME) values (17,14,4,to_date('20/10/13','RR/MM/DD'),'2020학년도 하계 계절학기 1차 폐강과목 및 정정기간 안내',2,'BIT',11111111,0,0,17,null,null);
Insert into COMMUNITY (COMM_INDEX,COMM_NUM,COMM_GROUPN,COMM_DATE,COMM_TITLE,COMM_HITS,COMM_WRITER,COMM_STU_ID,COMM_STEP,COMM_LEVEL,COMM_REF,COMM_ORIGINFILENAME,COMM_SYSTEMFILENAME) values (18,3,1,to_date('20/10/13','RR/MM/DD'),'책 나눔해요!',3,'임예람',20201351,0,0,18,null,null);
Insert into COMMUNITY (COMM_INDEX,COMM_NUM,COMM_GROUPN,COMM_DATE,COMM_TITLE,COMM_HITS,COMM_WRITER,COMM_STU_ID,COMM_STEP,COMM_LEVEL,COMM_REF,COMM_ORIGINFILENAME,COMM_SYSTEMFILENAME) values (19,15,4,to_date('20/10/13','RR/MM/DD'),'2020-2학기 토익특별강좌 안내 (졸업인증제대비강좌, 토익강좌)',3,'BIT',11111111,0,0,19,'aa.txt,face.jpg,','1602656141858_aa.txt,1602656141858_face.jpg,');
Insert into COMMUNITY (COMM_INDEX,COMM_NUM,COMM_GROUPN,COMM_DATE,COMM_TITLE,COMM_HITS,COMM_WRITER,COMM_STU_ID,COMM_STEP,COMM_LEVEL,COMM_REF,COMM_ORIGINFILENAME,COMM_SYSTEMFILENAME) values (20,16,4,to_date('20/10/13','RR/MM/DD'),'2020-2학기 유고결석계 및 졸업예정자 중 조기취업관련 공지',1,'BIT',11111111,0,0,20,null,null);
Insert into COMMUNITY (COMM_INDEX,COMM_NUM,COMM_GROUPN,COMM_DATE,COMM_TITLE,COMM_HITS,COMM_WRITER,COMM_STU_ID,COMM_STEP,COMM_LEVEL,COMM_REF,COMM_ORIGINFILENAME,COMM_SYSTEMFILENAME) values (64,29,1,to_date('20/10/20','RR/MM/DD'),'한글',5,'권현정',20201350,0,0,64,null,null);
Insert into COMMUNITY (COMM_INDEX,COMM_NUM,COMM_GROUPN,COMM_DATE,COMM_TITLE,COMM_HITS,COMM_WRITER,COMM_STU_ID,COMM_STEP,COMM_LEVEL,COMM_REF,COMM_ORIGINFILENAME,COMM_SYSTEMFILENAME) values (22,18,4,to_date('20/10/13','RR/MM/DD'),'2020-2 성적 열람 방법 안내',1,'BIT',11111111,0,0,22,null,null);
Insert into COMMUNITY (COMM_INDEX,COMM_NUM,COMM_GROUPN,COMM_DATE,COMM_TITLE,COMM_HITS,COMM_WRITER,COMM_STU_ID,COMM_STEP,COMM_LEVEL,COMM_REF,COMM_ORIGINFILENAME,COMM_SYSTEMFILENAME) values (40,14,1,to_date('20/10/13','RR/MM/DD'),'혹시 1식당에서 지갑 주우신분 없으신가요......',2,'도지원',20201354,0,0,40,null,null);
Insert into COMMUNITY (COMM_INDEX,COMM_NUM,COMM_GROUPN,COMM_DATE,COMM_TITLE,COMM_HITS,COMM_WRITER,COMM_STU_ID,COMM_STEP,COMM_LEVEL,COMM_REF,COMM_ORIGINFILENAME,COMM_SYSTEMFILENAME) values (44,17,1,to_date('20/10/13','RR/MM/DD'),'[Re] ㅇㅇㅇㅇㅇ 과목 족보입니다 - 물리 첨부해요',0,'나훈아',20201359,1,1,31,'물리.txt','물리.txt');
Insert into COMMUNITY (COMM_INDEX,COMM_NUM,COMM_GROUPN,COMM_DATE,COMM_TITLE,COMM_HITS,COMM_WRITER,COMM_STU_ID,COMM_STEP,COMM_LEVEL,COMM_REF,COMM_ORIGINFILENAME,COMM_SYSTEMFILENAME) values (49,21,1,to_date('20/10/13','RR/MM/DD'),'[Re] 신청 안하고 타면 되요!',3,'박초롱',20201458,1,1,47,null,null);
Insert into COMMUNITY (COMM_INDEX,COMM_NUM,COMM_GROUPN,COMM_DATE,COMM_TITLE,COMM_HITS,COMM_WRITER,COMM_STU_ID,COMM_STEP,COMM_LEVEL,COMM_REF,COMM_ORIGINFILENAME,COMM_SYSTEMFILENAME) values (31,8,1,to_date('20/10/13','RR/MM/DD'),'ㅇㅇㅇㅇㅇ 과목 족보입니다',11,'임예람',20201351,0,0,31,'논리적테이블.txt','논리적테이블.txt');
Insert into COMMUNITY (COMM_INDEX,COMM_NUM,COMM_GROUPN,COMM_DATE,COMM_TITLE,COMM_HITS,COMM_WRITER,COMM_STU_ID,COMM_STEP,COMM_LEVEL,COMM_REF,COMM_ORIGINFILENAME,COMM_SYSTEMFILENAME) values (45,18,1,to_date('20/10/13','RR/MM/DD'),'[Re] 지갑 좀전에 제가 발견해서 분실물센터에 맡겼어요!!!',5,'고사계',20201360,1,1,40,null,null);
Insert into COMMUNITY (COMM_INDEX,COMM_NUM,COMM_GROUPN,COMM_DATE,COMM_TITLE,COMM_HITS,COMM_WRITER,COMM_STU_ID,COMM_STEP,COMM_LEVEL,COMM_REF,COMM_ORIGINFILENAME,COMM_SYSTEMFILENAME) values (47,19,1,to_date('20/10/13','RR/MM/DD'),'언덕 올라오는 버스는',4,'최우롱',20201358,0,0,47,null,null);
Insert into COMMUNITY (COMM_INDEX,COMM_NUM,COMM_GROUPN,COMM_DATE,COMM_TITLE,COMM_HITS,COMM_WRITER,COMM_STU_ID,COMM_STEP,COMM_LEVEL,COMM_REF,COMM_ORIGINFILENAME,COMM_SYSTEMFILENAME) values (39,13,1,to_date('20/10/13','RR/MM/DD'),'이제 곧 졸업인데 취준 무섭네요;;',2,'박환희',20201353,0,0,39,null,null);
Insert into COMMUNITY (COMM_INDEX,COMM_NUM,COMM_GROUPN,COMM_DATE,COMM_TITLE,COMM_HITS,COMM_WRITER,COMM_STU_ID,COMM_STEP,COMM_LEVEL,COMM_REF,COMM_ORIGINFILENAME,COMM_SYSTEMFILENAME) values (41,15,1,to_date('20/10/13','RR/MM/DD'),'학교 근처 ㅇㅇpc방 행사하던데',3,'송은아',20201355,0,0,41,null,null);
Insert into COMMUNITY (COMM_INDEX,COMM_NUM,COMM_GROUPN,COMM_DATE,COMM_TITLE,COMM_HITS,COMM_WRITER,COMM_STU_ID,COMM_STEP,COMM_LEVEL,COMM_REF,COMM_ORIGINFILENAME,COMM_SYSTEMFILENAME) values (52,24,1,to_date('20/10/13','RR/MM/DD'),'우리학교 야경 보신적 있으신가요',13,'오지연',20201352,0,0,52,'10.jpg','10.jpg');
Insert into COMMUNITY (COMM_INDEX,COMM_NUM,COMM_GROUPN,COMM_DATE,COMM_TITLE,COMM_HITS,COMM_WRITER,COMM_STU_ID,COMM_STEP,COMM_LEVEL,COMM_REF,COMM_ORIGINFILENAME,COMM_SYSTEMFILENAME) values (32,9,1,to_date('20/10/13','RR/MM/DD'),'신입생 꼭 중앙동아리 가입해야하나요?',8,'임예람',20201351,0,0,32,null,null);
Insert into COMMUNITY (COMM_INDEX,COMM_NUM,COMM_GROUPN,COMM_DATE,COMM_TITLE,COMM_HITS,COMM_WRITER,COMM_STU_ID,COMM_STEP,COMM_LEVEL,COMM_REF,COMM_ORIGINFILENAME,COMM_SYSTEMFILENAME) values (46,5,3,to_date('20/10/13','RR/MM/DD'),'성적 정정 관련해서 문의드려요',5,'도지원',20201354,0,0,46,null,null);
Insert into COMMUNITY (COMM_INDEX,COMM_NUM,COMM_GROUPN,COMM_DATE,COMM_TITLE,COMM_HITS,COMM_WRITER,COMM_STU_ID,COMM_STEP,COMM_LEVEL,COMM_REF,COMM_ORIGINFILENAME,COMM_SYSTEMFILENAME) values (35,1,2,to_date('20/10/13','RR/MM/DD'),'저희 졸업식 일정은 학부에 따라서 다른가요? ',1,'임예람',20201351,0,0,35,null,null);
Insert into COMMUNITY (COMM_INDEX,COMM_NUM,COMM_GROUPN,COMM_DATE,COMM_TITLE,COMM_HITS,COMM_WRITER,COMM_STU_ID,COMM_STEP,COMM_LEVEL,COMM_REF,COMM_ORIGINFILENAME,COMM_SYSTEMFILENAME) values (38,3,3,to_date('20/10/13','RR/MM/DD'),'[Re]개명했을 경우에 어떤 절차로 이름을 변경해야 하나요?',6,'BIT',11111111,1,1,36,null,null);
Insert into COMMUNITY (COMM_INDEX,COMM_NUM,COMM_GROUPN,COMM_DATE,COMM_TITLE,COMM_HITS,COMM_WRITER,COMM_STU_ID,COMM_STEP,COMM_LEVEL,COMM_REF,COMM_ORIGINFILENAME,COMM_SYSTEMFILENAME) values (42,4,2,to_date('20/10/13','RR/MM/DD'),'혹시 교양과목 종류 더 늘려주실 수는 없는건가요?',3,'송은아',20201355,0,0,42,null,null);
Insert into COMMUNITY (COMM_INDEX,COMM_NUM,COMM_GROUPN,COMM_DATE,COMM_TITLE,COMM_HITS,COMM_WRITER,COMM_STU_ID,COMM_STEP,COMM_LEVEL,COMM_REF,COMM_ORIGINFILENAME,COMM_SYSTEMFILENAME) values (34,11,1,to_date('20/10/13','RR/MM/DD'),'저희 주차비 너무 비싸요ㅠㅠ',5,'임예람',20201351,0,0,34,null,null);
Insert into COMMUNITY (COMM_INDEX,COMM_NUM,COMM_GROUPN,COMM_DATE,COMM_TITLE,COMM_HITS,COMM_WRITER,COMM_STU_ID,COMM_STEP,COMM_LEVEL,COMM_REF,COMM_ORIGINFILENAME,COMM_SYSTEMFILENAME) values (43,16,1,to_date('20/10/13','RR/MM/DD'),'[Re] 저희 주차비 너무 비싸요ㅠㅠ',0,'손담비',20201357,1,1,34,null,null);
Insert into COMMUNITY (COMM_INDEX,COMM_NUM,COMM_GROUPN,COMM_DATE,COMM_TITLE,COMM_HITS,COMM_WRITER,COMM_STU_ID,COMM_STEP,COMM_LEVEL,COMM_REF,COMM_ORIGINFILENAME,COMM_SYSTEMFILENAME) values (55,6,3,to_date('20/10/14','RR/MM/DD'),'[Re]성적 정정 관련해서 문의드려요',0,'BIT',11111111,1,1,46,null,null);
Insert into COMMUNITY (COMM_INDEX,COMM_NUM,COMM_GROUPN,COMM_DATE,COMM_TITLE,COMM_HITS,COMM_WRITER,COMM_STU_ID,COMM_STEP,COMM_LEVEL,COMM_REF,COMM_ORIGINFILENAME,COMM_SYSTEMFILENAME) values (36,2,3,to_date('20/10/13','RR/MM/DD'),'개명했을 경우에 어떤 절차로 이름을 변경해야 하나요?',0,'임예람',20201351,0,0,36,null,null);
Insert into COMMUNITY (COMM_INDEX,COMM_NUM,COMM_GROUPN,COMM_DATE,COMM_TITLE,COMM_HITS,COMM_WRITER,COMM_STU_ID,COMM_STEP,COMM_LEVEL,COMM_REF,COMM_ORIGINFILENAME,COMM_SYSTEMFILENAME) values (48,20,1,to_date('20/10/13','RR/MM/DD'),'코로롱 때문에 축제 취소 된거 너무 아쉬워요...♥',24,'권현정',20201350,0,0,48,'AnswerLine.gif','AnswerLine1.gif');
Insert into COMMUNITY (COMM_INDEX,COMM_NUM,COMM_GROUPN,COMM_DATE,COMM_TITLE,COMM_HITS,COMM_WRITER,COMM_STU_ID,COMM_STEP,COMM_LEVEL,COMM_REF,COMM_ORIGINFILENAME,COMM_SYSTEMFILENAME) values (50,22,1,to_date('20/10/13','RR/MM/DD'),'새로 추가된 교양 과목 정보라고 하네요!',282,'박초롱',20201458,0,0,50,'subjectinfo.txt','subjectinfo.txt');
Insert into COMMUNITY (COMM_INDEX,COMM_NUM,COMM_GROUPN,COMM_DATE,COMM_TITLE,COMM_HITS,COMM_WRITER,COMM_STU_ID,COMM_STEP,COMM_LEVEL,COMM_REF,COMM_ORIGINFILENAME,COMM_SYSTEMFILENAME) values (51,23,1,to_date('20/10/13','RR/MM/DD'),'[Re] [Re] 8시 20분이랑 9시꺼도 추가됐어요!',1,'권현정',20201350,2,2,47,null,null);
Insert into COMMUNITY (COMM_INDEX,COMM_NUM,COMM_GROUPN,COMM_DATE,COMM_TITLE,COMM_HITS,COMM_WRITER,COMM_STU_ID,COMM_STEP,COMM_LEVEL,COMM_REF,COMM_ORIGINFILENAME,COMM_SYSTEMFILENAME) values (30,7,1,to_date('20/10/13','RR/MM/DD'),'자기소개서 양식 참고하세요~',27,'임예람',20201351,0,0,30,'이력서 양식.hwp','이력서 양식.hwp');
Insert into COMMUNITY (COMM_INDEX,COMM_NUM,COMM_GROUPN,COMM_DATE,COMM_TITLE,COMM_HITS,COMM_WRITER,COMM_STU_ID,COMM_STEP,COMM_LEVEL,COMM_REF,COMM_ORIGINFILENAME,COMM_SYSTEMFILENAME) values (33,10,1,to_date('20/10/13','RR/MM/DD'),'저희 캠퍼스에 cu는 없어요?',6,'임예람',20201351,0,0,33,null,null);
Insert into COMMUNITY (COMM_INDEX,COMM_NUM,COMM_GROUPN,COMM_DATE,COMM_TITLE,COMM_HITS,COMM_WRITER,COMM_STU_ID,COMM_STEP,COMM_LEVEL,COMM_REF,COMM_ORIGINFILENAME,COMM_SYSTEMFILENAME) values (53,25,1,to_date('20/10/14','RR/MM/DD'),'테스트용 글입니다',34,'권현정',20201350,0,0,53,'Team3_Administrator.zip,team3_sql.zip,학생시스템최종본_1014.zip,','1602652437251_Team3_Administrator.zip,1602652437251_team3_sql.zip,1602652437251_학생시스템최종본_1014.zip,');
Insert into COMMUNITY (COMM_INDEX,COMM_NUM,COMM_GROUPN,COMM_DATE,COMM_TITLE,COMM_HITS,COMM_WRITER,COMM_STU_ID,COMM_STEP,COMM_LEVEL,COMM_REF,COMM_ORIGINFILENAME,COMM_SYSTEMFILENAME) values (60,27,1,to_date('20/10/16','RR/MM/DD'),'[Re] 안녕하세요 자유게시판입니다',2,'임예람',20201351,1,1,56,'pohangcom.jpg,10.jpg,','1602815408840_pohangcom.jpg,1602815408840_10.jpg,');
Insert into COMMUNITY (COMM_INDEX,COMM_NUM,COMM_GROUPN,COMM_DATE,COMM_TITLE,COMM_HITS,COMM_WRITER,COMM_STU_ID,COMM_STEP,COMM_LEVEL,COMM_REF,COMM_ORIGINFILENAME,COMM_SYSTEMFILENAME) values (61,28,1,to_date('20/10/19','RR/MM/DD'),'테스트입니다',165,'임예람',20201351,0,0,61,null,null);
Insert into COMMUNITY (COMM_INDEX,COMM_NUM,COMM_GROUPN,COMM_DATE,COMM_TITLE,COMM_HITS,COMM_WRITER,COMM_STU_ID,COMM_STEP,COMM_LEVEL,COMM_REF,COMM_ORIGINFILENAME,COMM_SYSTEMFILENAME) values (63,25,4,to_date('20/10/20','RR/MM/DD'),'2020학년도 2학기 BDU(부산디지털대학교)사이버강좌 수업 관련하여 안내드립니다.',1,'BIT',11111111,0,0,63,null,null);
Insert into COMMUNITY (COMM_INDEX,COMM_NUM,COMM_GROUPN,COMM_DATE,COMM_TITLE,COMM_HITS,COMM_WRITER,COMM_STU_ID,COMM_STEP,COMM_LEVEL,COMM_REF,COMM_ORIGINFILENAME,COMM_SYSTEMFILENAME) values (56,26,1,to_date('20/10/16','RR/MM/DD'),'안녕하세요 자유게시판입니다',312,'임예람',20201351,0,0,56,null,null);
Insert into COMMUNITY (COMM_INDEX,COMM_NUM,COMM_GROUPN,COMM_DATE,COMM_TITLE,COMM_HITS,COMM_WRITER,COMM_STU_ID,COMM_STEP,COMM_LEVEL,COMM_REF,COMM_ORIGINFILENAME,COMM_SYSTEMFILENAME) values (57,7,2,to_date('20/10/16','RR/MM/DD'),'학사 문의 드립니다',4,'임예람',20201351,0,0,57,'image2.jpg,','1602812701546_image2.jpg,');
Insert into COMMUNITY (COMM_INDEX,COMM_NUM,COMM_GROUPN,COMM_DATE,COMM_TITLE,COMM_HITS,COMM_WRITER,COMM_STU_ID,COMM_STEP,COMM_LEVEL,COMM_REF,COMM_ORIGINFILENAME,COMM_SYSTEMFILENAME) values (59,9,3,to_date('20/10/16','RR/MM/DD'),'학적문의입니다',12,'임예람',20201351,0,0,59,null,null);
REM INSERTING into DEPARTMENT
SET DEFINE OFF;
Insert into DEPARTMENT (DEPT_CODE,DEPT_NAME,DEPT_MAJORCODE,DEPT_MAJORNAME) values (700001,'경영학부',600001,'경영학전공');
Insert into DEPARTMENT (DEPT_CODE,DEPT_NAME,DEPT_MAJORCODE,DEPT_MAJORNAME) values (700001,'경영학부',600002,'회계학전공');
Insert into DEPARTMENT (DEPT_CODE,DEPT_NAME,DEPT_MAJORCODE,DEPT_MAJORNAME) values (700002,'글로벌경제통상학부',600003,'중국통상/경제학전공');
Insert into DEPARTMENT (DEPT_CODE,DEPT_NAME,DEPT_MAJORCODE,DEPT_MAJORNAME) values (700002,'글로벌경제통상학부',600004,'무역학전공');
Insert into DEPARTMENT (DEPT_CODE,DEPT_NAME,DEPT_MAJORCODE,DEPT_MAJORNAME) values (700003,'관광호텔경영학부',600005,'관광항공경영학전공');
Insert into DEPARTMENT (DEPT_CODE,DEPT_NAME,DEPT_MAJORCODE,DEPT_MAJORNAME) values (700003,'관광호텔경영학부',600006,'호텔외식경영학전공');
Insert into DEPARTMENT (DEPT_CODE,DEPT_NAME,DEPT_MAJORCODE,DEPT_MAJORNAME) values (700004,'컴퓨터정보공학부',600007,'컴퓨터공학전공');
Insert into DEPARTMENT (DEPT_CODE,DEPT_NAME,DEPT_MAJORCODE,DEPT_MAJORNAME) values (700005,'컴퓨터정보공학부',600008,'소프트웨어공학전공');
Insert into DEPARTMENT (DEPT_CODE,DEPT_NAME,DEPT_MAJORCODE,DEPT_MAJORNAME) values (700006,'컴퓨터정보공학부',600009,'네트워크공학전공');
Insert into DEPARTMENT (DEPT_CODE,DEPT_NAME,DEPT_MAJORCODE,DEPT_MAJORNAME) values (700007,'미디어커뮤니케이션계열',600010,'방송영상학과');
Insert into DEPARTMENT (DEPT_CODE,DEPT_NAME,DEPT_MAJORCODE,DEPT_MAJORNAME) values (700007,'미디어커뮤니케이션계열',600011,'광고홍보학과');
Insert into DEPARTMENT (DEPT_CODE,DEPT_NAME,DEPT_MAJORCODE,DEPT_MAJORNAME) values (700007,'미디어커뮤니케이션계열',600012,'영상문학전공');
Insert into DEPARTMENT (DEPT_CODE,DEPT_NAME,DEPT_MAJORCODE,DEPT_MAJORNAME) values (700008,'사회복지학부',600013,'사회복지학전공');
Insert into DEPARTMENT (DEPT_CODE,DEPT_NAME,DEPT_MAJORCODE,DEPT_MAJORNAME) values (700008,'사회복지학부',600014,'청소년상담심리전공');
Insert into DEPARTMENT (DEPT_CODE,DEPT_NAME,DEPT_MAJORCODE,DEPT_MAJORNAME) values (700009,'관광학부',600015,'관광경영학전공');
Insert into DEPARTMENT (DEPT_CODE,DEPT_NAME,DEPT_MAJORCODE,DEPT_MAJORNAME) values (700009,'관광학부',600016,'호텔경영학전공');
Insert into DEPARTMENT (DEPT_CODE,DEPT_NAME,DEPT_MAJORCODE,DEPT_MAJORNAME) values (700009,'관광학부',600017,'이벤트/컨벤션학전공');
Insert into DEPARTMENT (DEPT_CODE,DEPT_NAME,DEPT_MAJORCODE,DEPT_MAJORNAME) values (700010,'보건의료계열',600018,'임상병리학과');
Insert into DEPARTMENT (DEPT_CODE,DEPT_NAME,DEPT_MAJORCODE,DEPT_MAJORNAME) values (700010,'보건의료계열',600019,'보건행정학과');
Insert into DEPARTMENT (DEPT_CODE,DEPT_NAME,DEPT_MAJORCODE,DEPT_MAJORNAME) values (700010,'보건의료계열',600020,'간호학과');
Insert into DEPARTMENT (DEPT_CODE,DEPT_NAME,DEPT_MAJORCODE,DEPT_MAJORNAME) values (700010,'보건의료계열',600021,'방사선학과');
Insert into DEPARTMENT (DEPT_CODE,DEPT_NAME,DEPT_MAJORCODE,DEPT_MAJORNAME) values (700010,'보건의료계열',600022,'치위생학과');
Insert into DEPARTMENT (DEPT_CODE,DEPT_NAME,DEPT_MAJORCODE,DEPT_MAJORNAME) values (700010,'보건의료계열',600023,'작업치료학과');
Insert into DEPARTMENT (DEPT_CODE,DEPT_NAME,DEPT_MAJORCODE,DEPT_MAJORNAME) values (700011,'스포츠과학계열',600024,'운동처방학과');
Insert into DEPARTMENT (DEPT_CODE,DEPT_NAME,DEPT_MAJORCODE,DEPT_MAJORNAME) values (700011,'스포츠과학계열',600025,'체육학과');
Insert into DEPARTMENT (DEPT_CODE,DEPT_NAME,DEPT_MAJORCODE,DEPT_MAJORNAME) values (700011,'스포츠과학계열',600026,'경호전공');
REM INSERTING into PROFESSOR
SET DEFINE OFF;
Insert into PROFESSOR (PRO_ID,PRO_PWD,PRO_NAME,PRO_ENG_NAME,PRO_JUMIN,PRO_MAJOR,PRO_TEL,PRO_ADDR,PRO_EMAIL) values (80000001,'test','김길동','belita','9401012111120',600001,'01073782333','부산광역시','test@naver.com');
Insert into PROFESSOR (PRO_ID,PRO_PWD,PRO_NAME,PRO_ENG_NAME,PRO_JUMIN,PRO_MAJOR,PRO_TEL,PRO_ADDR,PRO_EMAIL) values (80000002,'test','고건무','charlotte','9401012111121',600001,'01073782334','부산광역시','test@naver.com');
Insert into PROFESSOR (PRO_ID,PRO_PWD,PRO_NAME,PRO_ENG_NAME,PRO_JUMIN,PRO_MAJOR,PRO_TEL,PRO_ADDR,PRO_EMAIL) values (80000003,'test','연개소','cynthia','9401012111122',600002,'01073782335','부산광역시','test@naver.com');
Insert into PROFESSOR (PRO_ID,PRO_PWD,PRO_NAME,PRO_ENG_NAME,PRO_JUMIN,PRO_MAJOR,PRO_TEL,PRO_ADDR,PRO_EMAIL) values (80000004,'test','이자벨','dana','9401012111123',600003,'01073782336','부산광역시','test@naver.com');
Insert into PROFESSOR (PRO_ID,PRO_PWD,PRO_NAME,PRO_ENG_NAME,PRO_JUMIN,PRO_MAJOR,PRO_TEL,PRO_ADDR,PRO_EMAIL) values (80000005,'test','거룩한','dior','9401012111124',600004,'01073782337','부산광역시','test@naver.com');
Insert into PROFESSOR (PRO_ID,PRO_PWD,PRO_NAME,PRO_ENG_NAME,PRO_JUMIN,PRO_MAJOR,PRO_TEL,PRO_ADDR,PRO_EMAIL) values (80000006,'test','연산군','doris','9401012111125',600005,'01073782338','부산광역시','test@naver.com');
Insert into PROFESSOR (PRO_ID,PRO_PWD,PRO_NAME,PRO_ENG_NAME,PRO_JUMIN,PRO_MAJOR,PRO_TEL,PRO_ADDR,PRO_EMAIL) values (80000007,'test','김자겸','edith','9401012111126',600006,'01073782339','부산광역시','test@naver.com');
Insert into PROFESSOR (PRO_ID,PRO_PWD,PRO_NAME,PRO_ENG_NAME,PRO_JUMIN,PRO_MAJOR,PRO_TEL,PRO_ADDR,PRO_EMAIL) values (80000008,'test','송은아','emma','9401012111127',600007,'01073782340','부산광역시','test@naver.com');
Insert into PROFESSOR (PRO_ID,PRO_PWD,PRO_NAME,PRO_ENG_NAME,PRO_JUMIN,PRO_MAJOR,PRO_TEL,PRO_ADDR,PRO_EMAIL) values (80000009,'test','이효리','erica','9401012111128',600008,'01073782339','부산광역시','test@naver.com');
Insert into PROFESSOR (PRO_ID,PRO_PWD,PRO_NAME,PRO_ENG_NAME,PRO_JUMIN,PRO_MAJOR,PRO_TEL,PRO_ADDR,PRO_EMAIL) values (80000010,'test','손담비','frances','9401012111129',600009,'01073782340','부산광역시','test@naver.com');
REM INSERTING into SCHEDULE
SET DEFINE OFF;
Insert into SCHEDULE (SCHE_NUM,SCHE_CONTENT,SCHE_STARTYEAR,SCHE_STARTMONTH,SCHE_STARTDAY,SCHE_ENDYEAR,SCHE_ENDMONTH,SCHE_ENDDAY,SCHE_HOLIDAY) values (1,'2020-2학기 개강',2020,9,1,2020,9,1,0);
Insert into SCHEDULE (SCHE_NUM,SCHE_CONTENT,SCHE_STARTYEAR,SCHE_STARTMONTH,SCHE_STARTDAY,SCHE_ENDYEAR,SCHE_ENDMONTH,SCHE_ENDDAY,SCHE_HOLIDAY) values (2,'수업일수 1/4선',2020,9,1,2020,9,28,0);
Insert into SCHEDULE (SCHE_NUM,SCHE_CONTENT,SCHE_STARTYEAR,SCHE_STARTMONTH,SCHE_STARTDAY,SCHE_ENDYEAR,SCHE_ENDMONTH,SCHE_ENDDAY,SCHE_HOLIDAY) values (3,'추석연휴(휴업일)/지정수업일(12.9(수)-12.11(금))',2020,9,30,2020,10,2,1);
Insert into SCHEDULE (SCHE_NUM,SCHE_CONTENT,SCHE_STARTYEAR,SCHE_STARTMONTH,SCHE_STARTDAY,SCHE_ENDYEAR,SCHE_ENDMONTH,SCHE_ENDDAY,SCHE_HOLIDAY) values (4,'개천절',2020,10,3,2020,10,3,1);
Insert into SCHEDULE (SCHE_NUM,SCHE_CONTENT,SCHE_STARTYEAR,SCHE_STARTMONTH,SCHE_STARTDAY,SCHE_ENDYEAR,SCHE_ENDMONTH,SCHE_ENDDAY,SCHE_HOLIDAY) values (5,'수업일수 1/3선',2020,10,7,2020,10,7,0);
Insert into SCHEDULE (SCHE_NUM,SCHE_CONTENT,SCHE_STARTYEAR,SCHE_STARTMONTH,SCHE_STARTDAY,SCHE_ENDYEAR,SCHE_ENDMONTH,SCHE_ENDDAY,SCHE_HOLIDAY) values (6,'한글날(휴업일)/지정수업일(12.8(화))',2020,10,9,2020,10,9,1);
Insert into SCHEDULE (SCHE_NUM,SCHE_CONTENT,SCHE_STARTYEAR,SCHE_STARTMONTH,SCHE_STARTDAY,SCHE_ENDYEAR,SCHE_ENDMONTH,SCHE_ENDDAY,SCHE_HOLIDAY) values (7,'2020-2학기 중간시험',2020,10,20,2020,10,26,0);
Insert into SCHEDULE (SCHE_NUM,SCHE_CONTENT,SCHE_STARTYEAR,SCHE_STARTMONTH,SCHE_STARTDAY,SCHE_ENDYEAR,SCHE_ENDMONTH,SCHE_ENDDAY,SCHE_HOLIDAY) values (8,'수업일수 2/4선',2020,10,26,2020,10,26,0);
Insert into SCHEDULE (SCHE_NUM,SCHE_CONTENT,SCHE_STARTYEAR,SCHE_STARTMONTH,SCHE_STARTDAY,SCHE_ENDYEAR,SCHE_ENDMONTH,SCHE_ENDDAY,SCHE_HOLIDAY) values (9,'수업일수 3/4선',2020,11,23,2020,11,23,0);
Insert into SCHEDULE (SCHE_NUM,SCHE_CONTENT,SCHE_STARTYEAR,SCHE_STARTMONTH,SCHE_STARTDAY,SCHE_ENDYEAR,SCHE_ENDMONTH,SCHE_ENDDAY,SCHE_HOLIDAY) values (10,'공휴일 대체수업(지정수업일)',2020,12,8,2020,12,14,0);
Insert into SCHEDULE (SCHE_NUM,SCHE_CONTENT,SCHE_STARTYEAR,SCHE_STARTMONTH,SCHE_STARTDAY,SCHE_ENDYEAR,SCHE_ENDMONTH,SCHE_ENDDAY,SCHE_HOLIDAY) values (11,'2020-2학기 기말시험',2020,12,15,2020,12,21,0);
Insert into SCHEDULE (SCHE_NUM,SCHE_CONTENT,SCHE_STARTYEAR,SCHE_STARTMONTH,SCHE_STARTDAY,SCHE_ENDYEAR,SCHE_ENDMONTH,SCHE_ENDDAY,SCHE_HOLIDAY) values (12,'성적입력',2020,12,15,2020,12,24,0);
Insert into SCHEDULE (SCHE_NUM,SCHE_CONTENT,SCHE_STARTYEAR,SCHE_STARTMONTH,SCHE_STARTDAY,SCHE_ENDYEAR,SCHE_ENDMONTH,SCHE_ENDDAY,SCHE_HOLIDAY) values (13,'동기방학, 계절수업 개강',2020,12,22,2020,12,22,0);
Insert into SCHEDULE (SCHE_NUM,SCHE_CONTENT,SCHE_STARTYEAR,SCHE_STARTMONTH,SCHE_STARTDAY,SCHE_ENDYEAR,SCHE_ENDMONTH,SCHE_ENDDAY,SCHE_HOLIDAY) values (14,'성탄절',2020,12,25,2020,12,25,1);
Insert into SCHEDULE (SCHE_NUM,SCHE_CONTENT,SCHE_STARTYEAR,SCHE_STARTMONTH,SCHE_STARTDAY,SCHE_ENDYEAR,SCHE_ENDMONTH,SCHE_ENDDAY,SCHE_HOLIDAY) values (15,'성적공시',2020,12,28,2020,12,31,0);
Insert into SCHEDULE (SCHE_NUM,SCHE_CONTENT,SCHE_STARTYEAR,SCHE_STARTMONTH,SCHE_STARTDAY,SCHE_ENDYEAR,SCHE_ENDMONTH,SCHE_ENDDAY,SCHE_HOLIDAY) values (16,'개강',2019,3,4,2019,3,4,0);
Insert into SCHEDULE (SCHE_NUM,SCHE_CONTENT,SCHE_STARTYEAR,SCHE_STARTMONTH,SCHE_STARTDAY,SCHE_ENDYEAR,SCHE_ENDMONTH,SCHE_ENDDAY,SCHE_HOLIDAY) values (17,'수업일수 1/4선',2019,3,30,2019,3,30,0);
Insert into SCHEDULE (SCHE_NUM,SCHE_CONTENT,SCHE_STARTYEAR,SCHE_STARTMONTH,SCHE_STARTDAY,SCHE_ENDYEAR,SCHE_ENDMONTH,SCHE_ENDDAY,SCHE_HOLIDAY) values (18,'수업일수 1/3선',2019,4,9,2019,4,9,0);
Insert into SCHEDULE (SCHE_NUM,SCHE_CONTENT,SCHE_STARTYEAR,SCHE_STARTMONTH,SCHE_STARTDAY,SCHE_ENDYEAR,SCHE_ENDMONTH,SCHE_ENDDAY,SCHE_HOLIDAY) values (19,'중간고사',2019,4,22,2019,4,26,0);
Insert into SCHEDULE (SCHE_NUM,SCHE_CONTENT,SCHE_STARTYEAR,SCHE_STARTMONTH,SCHE_STARTDAY,SCHE_ENDYEAR,SCHE_ENDMONTH,SCHE_ENDDAY,SCHE_HOLIDAY) values (20,'수업일수 2/4선',2019,4,27,2019,4,27,0);
Insert into SCHEDULE (SCHE_NUM,SCHE_CONTENT,SCHE_STARTYEAR,SCHE_STARTMONTH,SCHE_STARTDAY,SCHE_ENDYEAR,SCHE_ENDMONTH,SCHE_ENDDAY,SCHE_HOLIDAY) values (21,'근로자의날(휴업일)/지정수업일:6.12(수)',2019,5,1,2019,5,1,1);
Insert into SCHEDULE (SCHE_NUM,SCHE_CONTENT,SCHE_STARTYEAR,SCHE_STARTMONTH,SCHE_STARTDAY,SCHE_ENDYEAR,SCHE_ENDMONTH,SCHE_ENDDAY,SCHE_HOLIDAY) values (22,'대체휴업일(어린이날)/지정수업일:6.10(월)',2019,5,6,2019,5,6,1);
Insert into SCHEDULE (SCHE_NUM,SCHE_CONTENT,SCHE_STARTYEAR,SCHE_STARTMONTH,SCHE_STARTDAY,SCHE_ENDYEAR,SCHE_ENDMONTH,SCHE_ENDDAY,SCHE_HOLIDAY) values (23,'대동제',2019,5,7,2019,5,9,0);
Insert into SCHEDULE (SCHE_NUM,SCHE_CONTENT,SCHE_STARTYEAR,SCHE_STARTMONTH,SCHE_STARTDAY,SCHE_ENDYEAR,SCHE_ENDMONTH,SCHE_ENDDAY,SCHE_HOLIDAY) values (24,'수업일수 3/4선',2019,5,25,2019,5,25,0);
Insert into SCHEDULE (SCHE_NUM,SCHE_CONTENT,SCHE_STARTYEAR,SCHE_STARTMONTH,SCHE_STARTDAY,SCHE_ENDYEAR,SCHE_ENDMONTH,SCHE_ENDDAY,SCHE_HOLIDAY) values (25,'현충일/지정수업일:6/13(목)',2019,6,6,2019,6,6,1);
Insert into SCHEDULE (SCHE_NUM,SCHE_CONTENT,SCHE_STARTYEAR,SCHE_STARTMONTH,SCHE_STARTDAY,SCHE_ENDYEAR,SCHE_ENDMONTH,SCHE_ENDDAY,SCHE_HOLIDAY) values (26,'개교기념일(대체휴업일)/지정수업일:6.14(금)',2019,6,7,2019,6,7,1);
Insert into SCHEDULE (SCHE_NUM,SCHE_CONTENT,SCHE_STARTYEAR,SCHE_STARTMONTH,SCHE_STARTDAY,SCHE_ENDYEAR,SCHE_ENDMONTH,SCHE_ENDDAY,SCHE_HOLIDAY) values (27,'지정보강수업',2019,6,10,2019,6,14,0);
Insert into SCHEDULE (SCHE_NUM,SCHE_CONTENT,SCHE_STARTYEAR,SCHE_STARTMONTH,SCHE_STARTDAY,SCHE_ENDYEAR,SCHE_ENDMONTH,SCHE_ENDDAY,SCHE_HOLIDAY) values (28,'기말고사',2019,6,17,2019,6,21,0);
Insert into SCHEDULE (SCHE_NUM,SCHE_CONTENT,SCHE_STARTYEAR,SCHE_STARTMONTH,SCHE_STARTDAY,SCHE_ENDYEAR,SCHE_ENDMONTH,SCHE_ENDDAY,SCHE_HOLIDAY) values (29,'성적입력',2019,6,17,2019,5,26,0);
Insert into SCHEDULE (SCHE_NUM,SCHE_CONTENT,SCHE_STARTYEAR,SCHE_STARTMONTH,SCHE_STARTDAY,SCHE_ENDYEAR,SCHE_ENDMONTH,SCHE_ENDDAY,SCHE_HOLIDAY) values (30,'하기방학 시작, 계절수업 개강',2019,6,24,2019,6,24,0);
Insert into SCHEDULE (SCHE_NUM,SCHE_CONTENT,SCHE_STARTYEAR,SCHE_STARTMONTH,SCHE_STARTDAY,SCHE_ENDYEAR,SCHE_ENDMONTH,SCHE_ENDDAY,SCHE_HOLIDAY) values (31,'성적공시',2019,6,27,2019,7,1,0);
REM INSERTING into SCORECLASS
SET DEFINE OFF;
Insert into SCORECLASS (SC_SUBJ_CODE,SC_STU_ID,SC_PRO_ID,SC_YEAR,SC_GRADE,SC_SEMESTER,SC_SCORE,SC_RETAKE,SC_SCORE2) values (141002,20201350,80000001,2015,1,1,4,'수강','A');
Insert into SCORECLASS (SC_SUBJ_CODE,SC_STU_ID,SC_PRO_ID,SC_YEAR,SC_GRADE,SC_SEMESTER,SC_SCORE,SC_RETAKE,SC_SCORE2) values (141004,20201352,80000002,2015,3,1,4.5,'수강','A+');
Insert into SCORECLASS (SC_SUBJ_CODE,SC_STU_ID,SC_PRO_ID,SC_YEAR,SC_GRADE,SC_SEMESTER,SC_SCORE,SC_RETAKE,SC_SCORE2) values (141004,20201353,80000003,2018,4,2,3.5,'재수강','B+');
Insert into SCORECLASS (SC_SUBJ_CODE,SC_STU_ID,SC_PRO_ID,SC_YEAR,SC_GRADE,SC_SEMESTER,SC_SCORE,SC_RETAKE,SC_SCORE2) values (141005,20201350,80000001,2015,1,1,4.5,'수강','A+');
Insert into SCORECLASS (SC_SUBJ_CODE,SC_STU_ID,SC_PRO_ID,SC_YEAR,SC_GRADE,SC_SEMESTER,SC_SCORE,SC_RETAKE,SC_SCORE2) values (141006,20201350,80000001,2015,1,1,4.5,'수강','A+');
Insert into SCORECLASS (SC_SUBJ_CODE,SC_STU_ID,SC_PRO_ID,SC_YEAR,SC_GRADE,SC_SEMESTER,SC_SCORE,SC_RETAKE,SC_SCORE2) values (141007,20201350,80000001,2015,1,1,4.5,'수강','A+');
Insert into SCORECLASS (SC_SUBJ_CODE,SC_STU_ID,SC_PRO_ID,SC_YEAR,SC_GRADE,SC_SEMESTER,SC_SCORE,SC_RETAKE,SC_SCORE2) values (141008,20201350,80000001,2015,1,1,4.5,'수강','A+');
Insert into SCORECLASS (SC_SUBJ_CODE,SC_STU_ID,SC_PRO_ID,SC_YEAR,SC_GRADE,SC_SEMESTER,SC_SCORE,SC_RETAKE,SC_SCORE2) values (141009,20201350,80000001,2015,1,1,3.5,'수강','B+');
Insert into SCORECLASS (SC_SUBJ_CODE,SC_STU_ID,SC_PRO_ID,SC_YEAR,SC_GRADE,SC_SEMESTER,SC_SCORE,SC_RETAKE,SC_SCORE2) values (141010,20201350,80000001,2015,1,1,4,'수강','A');
Insert into SCORECLASS (SC_SUBJ_CODE,SC_STU_ID,SC_PRO_ID,SC_YEAR,SC_GRADE,SC_SEMESTER,SC_SCORE,SC_RETAKE,SC_SCORE2) values (141006,20201350,80000001,2015,3,2,4.5,'수강','A+');
Insert into SCORECLASS (SC_SUBJ_CODE,SC_STU_ID,SC_PRO_ID,SC_YEAR,SC_GRADE,SC_SEMESTER,SC_SCORE,SC_RETAKE,SC_SCORE2) values (141007,20201350,80000001,2015,3,2,4.5,'수강','A+');
Insert into SCORECLASS (SC_SUBJ_CODE,SC_STU_ID,SC_PRO_ID,SC_YEAR,SC_GRADE,SC_SEMESTER,SC_SCORE,SC_RETAKE,SC_SCORE2) values (141008,20201350,80000001,2015,3,2,4.5,'수강','A+');
Insert into SCORECLASS (SC_SUBJ_CODE,SC_STU_ID,SC_PRO_ID,SC_YEAR,SC_GRADE,SC_SEMESTER,SC_SCORE,SC_RETAKE,SC_SCORE2) values (141009,20201350,80000001,2015,3,2,3.5,'수강','B+');
Insert into SCORECLASS (SC_SUBJ_CODE,SC_STU_ID,SC_PRO_ID,SC_YEAR,SC_GRADE,SC_SEMESTER,SC_SCORE,SC_RETAKE,SC_SCORE2) values (141010,20201350,80000001,2015,3,2,4,'수강','A');
Insert into SCORECLASS (SC_SUBJ_CODE,SC_STU_ID,SC_PRO_ID,SC_YEAR,SC_GRADE,SC_SEMESTER,SC_SCORE,SC_RETAKE,SC_SCORE2) values (141006,20201350,80000001,2016,2,1,3.5,'수강','B+');
Insert into SCORECLASS (SC_SUBJ_CODE,SC_STU_ID,SC_PRO_ID,SC_YEAR,SC_GRADE,SC_SEMESTER,SC_SCORE,SC_RETAKE,SC_SCORE2) values (141007,20201350,80000001,2016,2,1,4.5,'수강','A+');
Insert into SCORECLASS (SC_SUBJ_CODE,SC_STU_ID,SC_PRO_ID,SC_YEAR,SC_GRADE,SC_SEMESTER,SC_SCORE,SC_RETAKE,SC_SCORE2) values (141008,20201350,80000001,2016,2,1,4.5,'수강','A+');
Insert into SCORECLASS (SC_SUBJ_CODE,SC_STU_ID,SC_PRO_ID,SC_YEAR,SC_GRADE,SC_SEMESTER,SC_SCORE,SC_RETAKE,SC_SCORE2) values (141009,20201350,80000001,2016,2,1,2,'수강','C');
Insert into SCORECLASS (SC_SUBJ_CODE,SC_STU_ID,SC_PRO_ID,SC_YEAR,SC_GRADE,SC_SEMESTER,SC_SCORE,SC_RETAKE,SC_SCORE2) values (141010,20201350,80000001,2016,2,1,3,'수강','B+');
REM INSERTING into STUDENT
SET DEFINE OFF;
Insert into STUDENT (STU_ID,STU_PWD,STU_NAME,STU_ENG_NAME,STU_JUMIN,STU_STATE,STU_MAJOR,STU_GRADE,STU_PRO,STU_TEL,STU_EMG_TEL,STU_ADDR,STU_EMAIL) values (20201470,'111111','오지연','ojiyeon','111111-222222',1,600001,1,80000001,'000-1111-2222','000-1111-2222','부산 강서구 생곡동 1598-1','ojy2333@naver.com');
Insert into STUDENT (STU_ID,STU_PWD,STU_NAME,STU_ENG_NAME,STU_JUMIN,STU_STATE,STU_MAJOR,STU_GRADE,STU_PRO,STU_TEL,STU_EMG_TEL,STU_ADDR,STU_EMAIL) values (20201350,'test','권현정','tomas','9401012111111',1,600001,3,80000001,'01076771800','01073782333','부산 강서구 가덕해안로 3 2003호        ','hyunj2@daum.com');
Insert into STUDENT (STU_ID,STU_PWD,STU_NAME,STU_ENG_NAME,STU_JUMIN,STU_STATE,STU_MAJOR,STU_GRADE,STU_PRO,STU_TEL,STU_EMG_TEL,STU_ADDR,STU_EMAIL) values (20201351,'test','임예람','jessy','9401012111112',1,600001,3,80000001,'01073782335','01073782334','부산광역시  ','test@naver.com');
Insert into STUDENT (STU_ID,STU_PWD,STU_NAME,STU_ENG_NAME,STU_JUMIN,STU_STATE,STU_MAJOR,STU_GRADE,STU_PRO,STU_TEL,STU_EMG_TEL,STU_ADDR,STU_EMAIL) values (20201352,'test','오지연','ojiyeon','9401012111113',1,600001,3,80000001,'01073782336','01073782335','부산광역시','test@naver.com');
Insert into STUDENT (STU_ID,STU_PWD,STU_NAME,STU_ENG_NAME,STU_JUMIN,STU_STATE,STU_MAJOR,STU_GRADE,STU_PRO,STU_TEL,STU_EMG_TEL,STU_ADDR,STU_EMAIL) values (20201353,'test','박환희','amelia','9401012111114',2,600001,3,80000001,'01073782337','01073782336','부산광역시','test@naver.com');
Insert into STUDENT (STU_ID,STU_PWD,STU_NAME,STU_ENG_NAME,STU_JUMIN,STU_STATE,STU_MAJOR,STU_GRADE,STU_PRO,STU_TEL,STU_EMG_TEL,STU_ADDR,STU_EMAIL) values (20201354,'test','도지원','avery','9401012111115',1,600001,3,80000001,'01073782338','01073782337','부산광역시','test@naver.com');
Insert into STUDENT (STU_ID,STU_PWD,STU_NAME,STU_ENG_NAME,STU_JUMIN,STU_STATE,STU_MAJOR,STU_GRADE,STU_PRO,STU_TEL,STU_EMG_TEL,STU_ADDR,STU_EMAIL) values (20201355,'test','송은아','adela','9401012111116',1,600001,3,80000001,'01073782339','01073782338','부산광역시','test@naver.com');
Insert into STUDENT (STU_ID,STU_PWD,STU_NAME,STU_ENG_NAME,STU_JUMIN,STU_STATE,STU_MAJOR,STU_GRADE,STU_PRO,STU_TEL,STU_EMG_TEL,STU_ADDR,STU_EMAIL) values (20201356,'test','이효리','adalee','9401012111117',1,600001,3,80000001,'01073782340','01073782339','부산광역시','test@naver.com');
Insert into STUDENT (STU_ID,STU_PWD,STU_NAME,STU_ENG_NAME,STU_JUMIN,STU_STATE,STU_MAJOR,STU_GRADE,STU_PRO,STU_TEL,STU_EMG_TEL,STU_ADDR,STU_EMAIL) values (20201357,'test','손담비','bibiane','9401012111118',1,600001,3,80000001,'01073782341','01073782340','부산광역시','test@naver.com');
Insert into STUDENT (STU_ID,STU_PWD,STU_NAME,STU_ENG_NAME,STU_JUMIN,STU_STATE,STU_MAJOR,STU_GRADE,STU_PRO,STU_TEL,STU_EMG_TEL,STU_ADDR,STU_EMAIL) values (20201358,'test','최우롱','bianca','9401012111119',1,600001,3,80000001,'01073782342','01073782341','부산광역시','test@naver.com');
Insert into STUDENT (STU_ID,STU_PWD,STU_NAME,STU_ENG_NAME,STU_JUMIN,STU_STATE,STU_MAJOR,STU_GRADE,STU_PRO,STU_TEL,STU_EMG_TEL,STU_ADDR,STU_EMAIL) values (20201359,'test','나훈아','bonita','9401012111120',1,600001,3,80000001,'01073782343','01073782342','부산광역시','test@naver.com');
Insert into STUDENT (STU_ID,STU_PWD,STU_NAME,STU_ENG_NAME,STU_JUMIN,STU_STATE,STU_MAJOR,STU_GRADE,STU_PRO,STU_TEL,STU_EMG_TEL,STU_ADDR,STU_EMAIL) values (20201360,'test','고사계','bono','9401012111121',1,600001,3,80000001,'01073782344','01073782343','부산광역시','test@naver.com');
Insert into STUDENT (STU_ID,STU_PWD,STU_NAME,STU_ENG_NAME,STU_JUMIN,STU_STATE,STU_MAJOR,STU_GRADE,STU_PRO,STU_TEL,STU_EMG_TEL,STU_ADDR,STU_EMAIL) values (20201450,'test','김길동','belita','9401012111122',1,600002,4,80000002,'01073782345','01073782344','부산광역시','test@naver.com');
Insert into STUDENT (STU_ID,STU_PWD,STU_NAME,STU_ENG_NAME,STU_JUMIN,STU_STATE,STU_MAJOR,STU_GRADE,STU_PRO,STU_TEL,STU_EMG_TEL,STU_ADDR,STU_EMAIL) values (20201451,'test','고건무','charlotte','9401012111123',1,600002,4,80000002,'01073782346','01073782345','부산광역시','test@naver.com');
Insert into STUDENT (STU_ID,STU_PWD,STU_NAME,STU_ENG_NAME,STU_JUMIN,STU_STATE,STU_MAJOR,STU_GRADE,STU_PRO,STU_TEL,STU_EMG_TEL,STU_ADDR,STU_EMAIL) values (20201452,'test','연개소','cynthia','9401012111124',1,600002,4,80000002,'01073782347','01073782346','부산광역시','test@naver.com');
Insert into STUDENT (STU_ID,STU_PWD,STU_NAME,STU_ENG_NAME,STU_JUMIN,STU_STATE,STU_MAJOR,STU_GRADE,STU_PRO,STU_TEL,STU_EMG_TEL,STU_ADDR,STU_EMAIL) values (20201453,'test','이자벨','dana','9401012111125',1,600002,4,80000002,'01073782348','01073782347','부산광역시','test@naver.com');
Insert into STUDENT (STU_ID,STU_PWD,STU_NAME,STU_ENG_NAME,STU_JUMIN,STU_STATE,STU_MAJOR,STU_GRADE,STU_PRO,STU_TEL,STU_EMG_TEL,STU_ADDR,STU_EMAIL) values (20201454,'test','거룩한','dior','9401012111126',1,600002,4,80000002,'01073782349','01073782348','부산광역시','test@naver.com');
Insert into STUDENT (STU_ID,STU_PWD,STU_NAME,STU_ENG_NAME,STU_JUMIN,STU_STATE,STU_MAJOR,STU_GRADE,STU_PRO,STU_TEL,STU_EMG_TEL,STU_ADDR,STU_EMAIL) values (20201455,'test','연산군','doris','9401012111127',1,600002,4,80000002,'01073782350','01073782349','부산광역시','test@naver.com');
Insert into STUDENT (STU_ID,STU_PWD,STU_NAME,STU_ENG_NAME,STU_JUMIN,STU_STATE,STU_MAJOR,STU_GRADE,STU_PRO,STU_TEL,STU_EMG_TEL,STU_ADDR,STU_EMAIL) values (20201456,'test','김자겸','edith','9401012111128',1,600002,4,80000002,'01073782351','01073782350','부산광역시','test@naver.com');
Insert into STUDENT (STU_ID,STU_PWD,STU_NAME,STU_ENG_NAME,STU_JUMIN,STU_STATE,STU_MAJOR,STU_GRADE,STU_PRO,STU_TEL,STU_EMG_TEL,STU_ADDR,STU_EMAIL) values (20201457,'test','이완용','emma','9401012111129',1,600002,4,80000002,'01073782352','01073782351','부산광역시','test@naver.com');
Insert into STUDENT (STU_ID,STU_PWD,STU_NAME,STU_ENG_NAME,STU_JUMIN,STU_STATE,STU_MAJOR,STU_GRADE,STU_PRO,STU_TEL,STU_EMG_TEL,STU_ADDR,STU_EMAIL) values (20201458,'test','박초롱','erica','9401012111130',1,600002,4,80000002,'01073782353','01073782352','부산광역시','test@naver.com');
Insert into STUDENT (STU_ID,STU_PWD,STU_NAME,STU_ENG_NAME,STU_JUMIN,STU_STATE,STU_MAJOR,STU_GRADE,STU_PRO,STU_TEL,STU_EMG_TEL,STU_ADDR,STU_EMAIL) values (20201459,'test','도지원','frances','9401012111131',1,600002,4,80000002,'01073782354','01073782353','부산광역시','test@naver.com');
Insert into STUDENT (STU_ID,STU_PWD,STU_NAME,STU_ENG_NAME,STU_JUMIN,STU_STATE,STU_MAJOR,STU_GRADE,STU_PRO,STU_TEL,STU_EMG_TEL,STU_ADDR,STU_EMAIL) values (20201460,'test','송은아','grace','9401012111132',1,600002,4,80000002,'01073782355','01073782354','부산광역시','test@naver.com');
REM INSERTING into SUBJECT
SET DEFINE OFF;
Insert into SUBJECT (SUBJ_CODE,SUBJ_STATE,SUBJ_MAJORCODE,SUBJ_NAME,SUBJ_HAKJUM,SUBJ_PRO,SUBJ_ROOM,SUBJ_DAY1,SUBJ_DAY2) values (141002,'전공필수',600007,'소프트웨어실습',3,80000001,'상학관','월,1,3',null);
Insert into SUBJECT (SUBJ_CODE,SUBJ_STATE,SUBJ_MAJORCODE,SUBJ_NAME,SUBJ_HAKJUM,SUBJ_PRO,SUBJ_ROOM,SUBJ_DAY1,SUBJ_DAY2) values (141003,'전공선택',600007,'SW보안심화',2,80000002,'별관','월,4,5','화,1,1');
Insert into SUBJECT (SUBJ_CODE,SUBJ_STATE,SUBJ_MAJORCODE,SUBJ_NAME,SUBJ_HAKJUM,SUBJ_PRO,SUBJ_ROOM,SUBJ_DAY1,SUBJ_DAY2) values (141004,'교양',600007,'고대예술문화',2,80000003,'중앙관','월,2,3','수,5,5');
Insert into SUBJECT (SUBJ_CODE,SUBJ_STATE,SUBJ_MAJORCODE,SUBJ_NAME,SUBJ_HAKJUM,SUBJ_PRO,SUBJ_ROOM,SUBJ_DAY1,SUBJ_DAY2) values (141005,'전공필수',600007,'운영체제',3,80000001,'uit303','월,6,6','목,2,4');
Insert into SUBJECT (SUBJ_CODE,SUBJ_STATE,SUBJ_MAJORCODE,SUBJ_NAME,SUBJ_HAKJUM,SUBJ_PRO,SUBJ_ROOM,SUBJ_DAY1,SUBJ_DAY2) values (141006,'대학정책',600007,'영어회화1',2,80000003,'경영관','수,1,2',null);
Insert into SUBJECT (SUBJ_CODE,SUBJ_STATE,SUBJ_MAJORCODE,SUBJ_NAME,SUBJ_HAKJUM,SUBJ_PRO,SUBJ_ROOM,SUBJ_DAY1,SUBJ_DAY2) values (141007,'전공선택',600007,'컴퓨터정보개론',3,80000001,'uit305','금,2,4',null);
Insert into SUBJECT (SUBJ_CODE,SUBJ_STATE,SUBJ_MAJORCODE,SUBJ_NAME,SUBJ_HAKJUM,SUBJ_PRO,SUBJ_ROOM,SUBJ_DAY1,SUBJ_DAY2) values (141008,'대학정책',600007,'고급C프로그래밍',3,80000001,'uit305','수,3,5',null);
Insert into SUBJECT (SUBJ_CODE,SUBJ_STATE,SUBJ_MAJORCODE,SUBJ_NAME,SUBJ_HAKJUM,SUBJ_PRO,SUBJ_ROOM,SUBJ_DAY1,SUBJ_DAY2) values (141009,'전공선택',600007,'리눅스시스템',3,80000001,'uit303','화,2,4','목,5,5');
Insert into SUBJECT (SUBJ_CODE,SUBJ_STATE,SUBJ_MAJORCODE,SUBJ_NAME,SUBJ_HAKJUM,SUBJ_PRO,SUBJ_ROOM,SUBJ_DAY1,SUBJ_DAY2) values (141010,'전공선택',600007,'인터넷프로그래밍',3,80000001,'uit301,2,4','수,6,6',null);
Insert into SUBJECT (SUBJ_CODE,SUBJ_STATE,SUBJ_MAJORCODE,SUBJ_NAME,SUBJ_HAKJUM,SUBJ_PRO,SUBJ_ROOM,SUBJ_DAY1,SUBJ_DAY2) values (141011,'전공선택',600007,'디지털시스템',3,80000001,'uit103','금,2,4',null);
REM INSERTING into TEMP
SET DEFINE OFF;
Insert into TEMP (NO,TITLE) values (1,'this is title');
Insert into TEMP (NO,TITLE) values (2,'this is title');
Insert into TEMP (NO,TITLE) values (7,'testt2');
Insert into TEMP (NO,TITLE) values (4,'test3');
Insert into TEMP (NO,TITLE) values (5,'test3');
Insert into TEMP (NO,TITLE) values (3,'test');
Insert into TEMP (NO,TITLE) values (6,'dddd');
--------------------------------------------------------
--  Constraints for Table COMMUNITY
--------------------------------------------------------

  ALTER TABLE "COMMUNITY" ADD PRIMARY KEY ("COMM_INDEX")
  USING INDEX PCTFREE 10 INITRANS 2 MAXTRANS 255 COMPUTE STATISTICS 
  STORAGE(INITIAL 65536 NEXT 1048576 MINEXTENTS 1 MAXEXTENTS 2147483645
  PCTINCREASE 0 FREELISTS 1 FREELIST GROUPS 1 BUFFER_POOL DEFAULT FLASH_CACHE DEFAULT CELL_FLASH_CACHE DEFAULT)
  TABLESPACE "USERS"  ENABLE;
--------------------------------------------------------
--  Constraints for Table PROFESSOR
--------------------------------------------------------

  ALTER TABLE "PROFESSOR" ADD PRIMARY KEY ("PRO_ID")
  USING INDEX PCTFREE 10 INITRANS 2 MAXTRANS 255 COMPUTE STATISTICS 
  STORAGE(INITIAL 65536 NEXT 1048576 MINEXTENTS 1 MAXEXTENTS 2147483645
  PCTINCREASE 0 FREELISTS 1 FREELIST GROUPS 1 BUFFER_POOL DEFAULT FLASH_CACHE DEFAULT CELL_FLASH_CACHE DEFAULT)
  TABLESPACE "USERS"  ENABLE;
--------------------------------------------------------
--  Constraints for Table DEPARTMENT
--------------------------------------------------------

  ALTER TABLE "DEPARTMENT" ADD PRIMARY KEY ("DEPT_MAJORCODE")
  USING INDEX PCTFREE 10 INITRANS 2 MAXTRANS 255 COMPUTE STATISTICS 
  STORAGE(INITIAL 65536 NEXT 1048576 MINEXTENTS 1 MAXEXTENTS 2147483645
  PCTINCREASE 0 FREELISTS 1 FREELIST GROUPS 1 BUFFER_POOL DEFAULT FLASH_CACHE DEFAULT CELL_FLASH_CACHE DEFAULT)
  TABLESPACE "USERS"  ENABLE;
--------------------------------------------------------
--  Constraints for Table ADMININFO
--------------------------------------------------------

  ALTER TABLE "ADMININFO" ADD PRIMARY KEY ("ADMIN_ID")
  USING INDEX PCTFREE 10 INITRANS 2 MAXTRANS 255 COMPUTE STATISTICS 
  STORAGE(INITIAL 65536 NEXT 1048576 MINEXTENTS 1 MAXEXTENTS 2147483645
  PCTINCREASE 0 FREELISTS 1 FREELIST GROUPS 1 BUFFER_POOL DEFAULT FLASH_CACHE DEFAULT CELL_FLASH_CACHE DEFAULT)
  TABLESPACE "USERS"  ENABLE;
--------------------------------------------------------
--  Constraints for Table SUBJECT
--------------------------------------------------------

  ALTER TABLE "SUBJECT" ADD PRIMARY KEY ("SUBJ_CODE")
  USING INDEX PCTFREE 10 INITRANS 2 MAXTRANS 255 COMPUTE STATISTICS 
  STORAGE(INITIAL 65536 NEXT 1048576 MINEXTENTS 1 MAXEXTENTS 2147483645
  PCTINCREASE 0 FREELISTS 1 FREELIST GROUPS 1 BUFFER_POOL DEFAULT FLASH_CACHE DEFAULT CELL_FLASH_CACHE DEFAULT)
  TABLESPACE "USERS"  ENABLE;
--------------------------------------------------------
--  Constraints for Table SCHEDULE
--------------------------------------------------------

  ALTER TABLE "SCHEDULE" ADD PRIMARY KEY ("SCHE_NUM")
  USING INDEX PCTFREE 10 INITRANS 2 MAXTRANS 255 COMPUTE STATISTICS 
  STORAGE(INITIAL 65536 NEXT 1048576 MINEXTENTS 1 MAXEXTENTS 2147483645
  PCTINCREASE 0 FREELISTS 1 FREELIST GROUPS 1 BUFFER_POOL DEFAULT FLASH_CACHE DEFAULT CELL_FLASH_CACHE DEFAULT)
  TABLESPACE "USERS"  ENABLE;
--------------------------------------------------------
--  Constraints for Table STUDENT
--------------------------------------------------------

  ALTER TABLE "STUDENT" ADD PRIMARY KEY ("STU_ID")
  USING INDEX PCTFREE 10 INITRANS 2 MAXTRANS 255 COMPUTE STATISTICS 
  STORAGE(INITIAL 65536 NEXT 1048576 MINEXTENTS 1 MAXEXTENTS 2147483645
  PCTINCREASE 0 FREELISTS 1 FREELIST GROUPS 1 BUFFER_POOL DEFAULT FLASH_CACHE DEFAULT CELL_FLASH_CACHE DEFAULT)
  TABLESPACE "USERS"  ENABLE;
--------------------------------------------------------
--  Ref Constraints for Table ATTEND
--------------------------------------------------------

  ALTER TABLE "ATTEND" ADD CONSTRAINT "FK_ATD_PRO_ID" FOREIGN KEY ("ATD_PRO_ID")
	  REFERENCES "PROFESSOR" ("PRO_ID") ENABLE;
 
  ALTER TABLE "ATTEND" ADD CONSTRAINT "FK_ATD_STU_ID" FOREIGN KEY ("ATD_STU_ID")
	  REFERENCES "STUDENT" ("STU_ID") ENABLE;
 
  ALTER TABLE "ATTEND" ADD CONSTRAINT "FK_SUBJ_CODE" FOREIGN KEY ("ATD_SUBJ_CODE")
	  REFERENCES "SUBJECT" ("SUBJ_CODE") ENABLE;
--------------------------------------------------------
--  Ref Constraints for Table COMMENTS
--------------------------------------------------------

  ALTER TABLE "COMMENTS" ADD CONSTRAINT "CMT_INDEX" FOREIGN KEY ("CMT_COMM_INDEX")
	  REFERENCES "COMMUNITY" ("COMM_INDEX") ON DELETE CASCADE ENABLE;
--------------------------------------------------------
--  Ref Constraints for Table PROFESSOR
--------------------------------------------------------

  ALTER TABLE "PROFESSOR" ADD CONSTRAINT "FK_PRO_MAJOR" FOREIGN KEY ("PRO_MAJOR")
	  REFERENCES "DEPARTMENT" ("DEPT_MAJORCODE") ENABLE;
--------------------------------------------------------
--  Ref Constraints for Table SCORECLASS
--------------------------------------------------------

  ALTER TABLE "SCORECLASS" ADD CONSTRAINT "FK_SC_PRO_ID" FOREIGN KEY ("SC_PRO_ID")
	  REFERENCES "PROFESSOR" ("PRO_ID") ENABLE;
 
  ALTER TABLE "SCORECLASS" ADD CONSTRAINT "FK_SC_STU_ID" FOREIGN KEY ("SC_STU_ID")
	  REFERENCES "STUDENT" ("STU_ID") ENABLE;
 
  ALTER TABLE "SCORECLASS" ADD CONSTRAINT "FK_SC_SUBJ_CODE" FOREIGN KEY ("SC_SUBJ_CODE")
	  REFERENCES "SUBJECT" ("SUBJ_CODE") ENABLE;
--------------------------------------------------------
--  Ref Constraints for Table STUDENT
--------------------------------------------------------

  ALTER TABLE "STUDENT" ADD CONSTRAINT "FK_STU_MAJOR" FOREIGN KEY ("STU_MAJOR")
	  REFERENCES "DEPARTMENT" ("DEPT_MAJORCODE") ENABLE;
 
  ALTER TABLE "STUDENT" ADD CONSTRAINT "FK_STU_PRO" FOREIGN KEY ("STU_PRO")
	  REFERENCES "PROFESSOR" ("PRO_ID") ENABLE;
--------------------------------------------------------
--  Ref Constraints for Table SUBJECT
--------------------------------------------------------

  ALTER TABLE "SUBJECT" ADD CONSTRAINT "FK_SUBJ_MAJORCODE" FOREIGN KEY ("SUBJ_MAJORCODE")
	  REFERENCES "DEPARTMENT" ("DEPT_MAJORCODE") ENABLE;
 
  ALTER TABLE "SUBJECT" ADD CONSTRAINT "FK_SUBJ_PRO" FOREIGN KEY ("SUBJ_PRO")
	  REFERENCES "PROFESSOR" ("PRO_ID") ENABLE;
